,Make,Year,Kilometer,Seating_Capacity,Fuel_Tank_Capacity,Price,Automatic,Manual,First_O,Second_O,Others_O,Petrol,Diesel,Others_F
1442,9,2011,41000,5.0,35.0,245000,0,1,1,0,0,1,0,0
1443,16,2021,30000,5.0,50.0,1275000,1,0,1,0,0,0,1,0
1444,27,2020,19000,4.0,66.0,7000000,1,0,1,0,0,1,0,0
1445,12,2016,110000,7.0,70.0,955000,1,0,1,0,0,0,1,0
1446,12,2015,115339,7.0,60.0,630000,0,1,0,1,0,0,1,0
1447,21,2020,18000,5.0,70.0,4475000,1,0,0,1,0,0,1,0
1448,12,2022,4500,4.0,57.0,1950000,1,0,1,0,0,0,1,0
1449,25,2011,56000,5.0,35.0,1295000,1,0,1,0,0,0,1,0
1450,9,2017,49000,5.0,60.0,890000,0,1,1,0,0,1,0,0
1451,27,2022,7000,5.0,66.0,6750000,1,0,1,0,0,0,1,0
1452,25,2015,78362,5.0,60.0,2275000,1,0,1,0,0,0,1,0
1453,12,2020,30000,4.0,57.0,1864999,1,0,1,0,0,0,1,0
1454,9,2015,59000,5.0,45.0,540000,0,1,1,0,0,0,1,0
1455,25,2018,49000,5.0,63.0,3125000,1,0,1,0,0,0,1,0
1456,27,2014,60513,5.0,70.0,3200000,1,0,1,0,0,0,1,0
1457,27,2019,56500,5.0,50.0,2750000,1,0,1,0,0,0,1,0
1458,9,2013,71000,5.0,43.0,400000,0,1,1,0,0,0,1,0
1459,21,2016,88000,7.0,75.0,3750000,1,0,0,1,0,0,1,0
1460,9,2018,68000,5.0,60.0,800000,0,1,1,0,0,0,1,0
1461,6,2017,94827,5.0,48.0,780000,0,1,1,0,0,0,1,0
1462,6,2010,62000,5.0,35.0,220000,0,1,1,0,0,1,0,0
1463,6,2012,57000,5.0,35.0,225000,0,1,1,0,0,0,0,1
1464,25,2017,22120,5.0,51.0,2385000,1,0,1,0,0,0,1,0
1465,25,2019,11000,5.0,63.0,3400000,1,0,1,0,0,0,1,0
1466,21,2017,58000,5.0,75.0,2850000,1,0,1,0,0,1,0,0
1467,6,2019,54572,5.0,48.0,990000,0,1,1,0,0,0,1,0
1468,7,2010,56000,5.0,42.0,325000,1,0,1,0,0,1,0,0
1469,7,2011,89000,5.0,42.0,325000,1,0,0,1,0,1,0,0
1470,15,2014,42000,5.0,55.0,549000,1,0,1,0,0,0,1,0
1471,4,2017,6000,5.0,41.0,340000,0,1,1,0,0,0,1,0
1472,7,2013,79500,5.0,35.0,425000,0,1,1,0,0,0,1,0
1473,25,2015,82000,5.0,57.0,1689999,1,0,0,1,0,0,1,0
1474,17,2021,34228,8.0,55.0,2750000,0,1,1,0,0,0,1,0
1475,6,2014,141334,5.0,42.0,515000,0,1,0,1,0,0,1,0
1476,6,2018,50000,5.0,42.0,550000,0,1,1,0,0,1,0,0
1477,5,2014,65000,5.0,50.0,550000,0,1,1,0,0,0,1,0
1478,11,2018,20000,5.0,35.0,555000,1,0,1,0,0,1,0,0
1479,6,2017,24000,5.0,35.0,391000,0,1,1,0,0,1,0,0
1480,6,2017,36000,5.0,32.0,560000,1,0,1,0,0,1,0,0
1481,21,2013,117000,5.0,64.0,1420000,1,0,1,0,0,0,1,0
1482,8,2021,24000,5.0,45.0,950000,0,1,1,0,0,1,0,0
1483,6,2017,82000,5.0,37.0,490000,0,1,1,0,0,1,0,0
1484,9,2016,78000,5.0,60.0,1044999,0,1,1,0,0,0,1,0
1485,21,2017,45000,7.0,75.0,5200000,1,0,0,1,0,0,1,0
1486,9,2019,50000,5.0,43.0,1125000,1,0,1,0,0,1,0,0
1487,22,2014,24000,5.0,44.0,1950000,1,0,0,1,0,0,1,0
1488,6,2009,77000,5.0,43.0,260000,0,1,0,1,0,1,0,0
1489,9,2009,55000,5.0,35.0,165000,0,1,1,0,0,1,0,0
1490,9,2018,66000,5.0,43.0,490000,0,1,1,0,0,1,0,0
1491,6,2012,37000,5.0,35.0,185000,0,1,1,0,0,1,0,0
1492,7,2012,80350,5.0,42.0,375000,0,1,1,0,0,1,0,0
1493,27,2013,102000,5.0,66.0,975000,1,0,1,0,0,0,1,0
1494,6,2016,48200,5.0,42.0,450000,0,1,0,1,0,1,0,0
1495,6,2015,55000,5.0,42.0,459999,0,1,0,1,0,0,1,0
1496,26,2020,14000,5.0,50.0,5200000,1,0,1,0,0,0,0,1
1497,9,2020,25000,5.0,37.0,700000,0,1,1,0,0,1,0,0
1498,8,2020,20124,5.0,45.0,1025000,0,1,1,0,0,1,0,0
1499,9,2015,55660,5.0,43.0,380000,0,1,1,0,0,1,0,0
1500,15,2015,94580,5.0,50.0,819999,1,0,1,0,0,1,0,0
1501,27,2015,45000,5.0,50.0,1691000,1,0,0,1,0,1,0,0
1502,27,2019,10000,5.0,66.0,5200000,1,0,1,0,0,0,1,0
1503,6,2016,57000,5.0,43.0,725000,0,1,1,0,0,0,1,0
1504,9,2021,45000,5.0,60.0,725000,0,1,1,0,0,0,0,1
1505,6,2011,90342,5.0,35.0,155000,0,1,0,1,0,0,0,1
1506,7,2022,1000,5.0,35.0,700000,0,1,1,0,0,1,0,0
1507,9,2011,135000,5.0,43.0,235000,0,1,1,0,0,0,1,0
1508,17,2014,123000,7.0,80.0,1975000,0,1,0,1,0,0,1,0
1509,12,2012,47531,7.0,70.0,810000,0,1,1,0,0,0,1,0
1510,16,2019,79000,5.0,50.0,1350000,0,1,0,1,0,0,1,0
1511,12,2011,95000,8.0,60.0,450000,0,1,1,0,0,0,1,0
1512,9,2011,53000,5.0,35.0,250000,0,1,1,0,0,1,0,0
1513,9,2020,30000,5.0,45.0,819999,0,1,1,0,0,0,1,0
1514,17,2017,65000,7.0,80.0,2690000,1,0,1,0,0,0,1,0
1515,9,2018,440000,5.0,55.0,1240000,1,0,1,0,0,0,1,0
1516,7,2016,63088,5.0,40.0,790000,0,1,1,0,0,1,0,0
1517,9,2008,62000,5.0,35.0,150000,0,1,0,1,0,1,0,0
1518,3,2011,80000,5.0,60.0,400000,0,1,0,0,1,0,1,0
1519,25,2020,29000,5.0,80.0,8300000,1,0,1,0,0,0,1,0
1520,23,2020,2600,5.0,55.0,6000000,1,0,1,0,0,0,1,0
1521,9,2014,81000,5.0,43.0,390000,0,1,1,0,0,0,1,0
1522,9,2011,73000,5.0,43.0,385000,0,1,1,0,0,1,0,0
1523,14,2019,34000,7.0,80.0,3650000,1,0,1,0,0,0,1,0
1524,9,2013,36623,5.0,43.0,547000,0,1,1,0,0,1,0,0
1525,9,2018,30000,5.0,55.0,1295000,1,0,1,0,0,1,0,0
1526,6,2022,5000,5.0,32.0,570000,0,1,1,0,0,1,0,0
1527,7,2014,80121,5.0,35.0,844999,1,0,0,1,0,1,0,0
1528,9,2011,64000,5.0,35.0,250000,0,1,1,0,0,1,0,0
1529,17,2019,39000,5.0,55.0,1670000,1,0,0,1,0,1,0,0
1530,6,2017,70000,5.0,48.0,890000,0,1,0,1,0,0,1,0
1531,21,2019,36000,5.0,50.0,2380000,1,0,0,1,0,0,1,0
1532,6,2018,40000,5.0,37.0,775000,1,0,1,0,0,1,0,0
1533,27,2022,1102,5.0,35.0,7050000,0,1,0,0,1,1,0,0
1534,8,2014,62000,5.0,45.0,500000,0,1,1,0,0,0,1,0
1535,27,2011,97000,5.0,66.0,675000,1,0,1,0,0,0,1,0
1536,8,2014,43550,5.0,45.0,525000,0,1,1,0,0,1,0,0
1537,14,2019,28000,5.0,52.0,850000,0,1,1,0,0,0,1,0
1538,4,2018,47874,5.0,28.0,390000,0,1,1,0,0,1,0,0
1539,9,2018,87001,5.0,43.0,965000,0,1,1,0,0,0,1,0
1540,10,2013,72000,7.0,78.0,975000,1,0,1,0,0,0,1,0
1541,25,2019,59000,5.0,63.0,3025000,1,0,1,0,0,0,1,0
1542,17,2012,143477,7.0,55.0,650000,0,1,0,1,0,0,1,0
1543,21,2014,85900,5.0,50.0,1390000,1,0,1,0,0,0,1,0
1544,6,2022,10000,5.0,37.0,950000,1,0,1,0,0,1,0,0
1545,21,2018,47000,7.0,75.0,5900000,1,0,1,0,0,0,1,0
1546,6,2014,55000,5.0,42.0,409999,0,1,1,0,0,1,0,0
1547,8,2017,69508,5.0,45.0,575000,0,1,0,1,0,0,1,0
1548,7,2022,2500,5.0,40.0,1450000,0,1,1,0,0,0,1,0
1549,6,2010,64000,5.0,50.0,185000,0,1,1,0,0,1,0,0
1550,27,2014,53089,5.0,80.0,1650000,1,0,0,1,0,1,0,0
1551,6,2018,90000,5.0,43.0,823000,1,0,1,0,0,1,0,0
1552,11,2021,23000,5.0,50.0,2095000,0,1,1,0,0,0,1,0
1553,6,2012,55000,5.0,35.0,350000,0,1,1,0,0,1,0,0
1554,9,2016,64000,5.0,43.0,335000,0,1,0,1,0,0,1,0
1555,9,2020,52236,5.0,43.0,649000,0,1,1,0,0,1,0,0
1556,7,2013,76000,5.0,42.0,400000,0,1,1,0,0,1,0,0
1557,25,2020,19000,5.0,57.0,5500000,1,0,1,0,0,1,0,0
1558,17,2013,97000,7.0,80.0,1375000,0,1,1,0,0,0,1,0
1559,9,2018,76000,5.0,60.0,1190000,1,0,1,0,0,0,1,0
1560,11,2021,15000,5.0,50.0,1930000,0,1,1,0,0,0,1,0
1561,17,2015,98000,7.0,55.0,990000,0,1,1,0,0,0,1,0
1562,9,2017,36597,5.0,45.0,725000,0,1,0,1,0,1,0,0
1563,27,2022,500,5.0,66.0,6100000,1,0,1,0,0,0,1,0
1564,6,2015,48000,5.0,43.0,575000,0,1,1,0,0,1,0,0
1565,28,2016,55000,7.0,65.0,3200000,1,0,0,1,0,0,1,0
1566,17,2022,16000,7.0,55.0,2850000,1,0,1,0,0,0,1,0
1567,6,2016,53000,7.0,45.0,725000,0,1,1,0,0,1,0,0
1568,5,2013,35000,5.0,41.0,380000,0,1,1,0,0,0,1,0
1569,7,2014,50000,5.0,35.0,434999,1,0,1,0,0,1,0,0
1570,8,2016,52600,5.0,45.0,425000,0,1,1,0,0,1,0,0
1571,7,2020,25000,5.0,35.0,675000,0,1,1,0,0,1,0,0
1572,9,2014,74000,5.0,43.0,399000,0,1,1,0,0,1,0,0
1573,8,2015,85000,5.0,55.0,685000,1,0,1,0,0,0,1,0
1574,6,2011,28000,5.0,35.0,265000,0,1,1,0,0,1,0,0
1575,8,2021,35000,5.0,55.0,940000,0,1,1,0,0,1,0,0
1576,27,2021,17000,7.0,90.0,13100000,1,0,1,0,0,1,0,0
1577,21,2016,57000,5.0,75.0,2690000,1,0,1,0,0,0,1,0
1578,7,2021,10000,5.0,40.0,1255000,0,1,1,0,0,1,0,0
1579,21,2009,63300,5.0,75.0,825000,1,0,1,0,0,0,1,0
1580,9,2014,46000,5.0,43.0,390000,0,1,1,0,0,1,0,0
1581,9,2014,64000,5.0,43.0,525000,0,1,0,1,0,0,1,0
1582,21,2022,4600,5.0,55.0,3450000,1,0,1,0,0,1,0,0
1583,27,2018,23000,5.0,35.0,2825000,1,0,1,0,0,0,1,0
1584,12,2017,144933,7.0,70.0,1090000,0,1,1,0,0,0,1,0
1585,7,2009,80000,5.0,42.0,275000,0,1,1,0,0,1,0,0
1586,17,2015,32545,5.0,45.0,434999,0,1,1,0,0,1,0,0
1587,9,2019,31000,5.0,62.0,2089999,1,0,1,0,0,0,1,0
1588,6,2015,50000,5.0,42.0,500000,0,1,0,1,0,0,1,0
1589,6,2015,65000,5.0,42.0,400000,0,1,0,1,0,0,1,0
1590,9,2012,26000,5.0,35.0,225000,0,1,1,0,0,1,0,0
1591,12,2021,27000,5.0,42.0,965000,0,1,1,0,0,0,1,0
1592,9,2017,62000,5.0,60.0,825000,0,1,1,0,0,0,1,0
1593,9,2012,17000,5.0,35.0,254999,0,1,1,0,0,1,0,0
1594,12,2015,39234,7.0,60.0,525000,0,1,0,1,0,0,1,0
1595,14,2013,72000,5.0,52.0,285000,0,1,1,0,0,0,1,0
1596,3,2011,41215,5.0,35.0,229999,0,1,1,0,0,0,1,0
1597,23,2020,16519,5.0,54.0,4400000,1,0,1,0,0,1,0,0
1598,6,2011,51000,5.0,35.0,200000,0,1,0,1,0,1,0,0
1599,6,2019,74179,5.0,48.0,1011000,1,0,1,0,0,0,1,0
1600,27,2020,13000,5.0,66.0,6500000,1,0,1,0,0,0,1,0
1601,6,2019,31056,5.0,48.0,1063000,0,1,1,0,0,0,1,0
1602,6,2016,49148,7.0,45.0,675000,1,0,0,1,0,1,0,0
1603,27,2021,13000,5.0,80.0,7475000,1,0,1,0,0,0,1,0
1604,27,2021,19000,5.0,66.0,7000000,1,0,1,0,0,0,1,0
1605,21,2015,152000,5.0,75.0,2175000,1,0,1,0,0,0,1,0
1606,7,2015,59000,5.0,40.0,690000,1,0,1,0,0,1,0,0
1607,21,2016,32000,5.0,50.0,1525000,1,0,1,0,0,0,1,0
1608,7,2011,72000,5.0,70.0,475000,1,0,1,0,0,1,0,0
1609,9,2017,80000,5.0,45.0,1123000,1,0,1,0,0,0,1,0
1610,6,2019,21894,7.0,45.0,990000,1,0,1,0,0,1,0,0
1611,25,2018,21000,5.0,65.0,5250000,1,0,1,0,0,0,1,0
1612,7,2015,63587,5.0,35.0,515000,0,1,1,0,0,0,1,0
1613,6,2019,32000,5.0,43.0,850000,1,0,1,0,0,1,0,0
1614,6,2018,53694,5.0,48.0,865000,0,1,0,1,0,0,1,0
1615,6,2009,140000,5.0,43.0,365000,0,1,0,1,0,0,1,0
1616,27,2015,91100,7.0,100.0,3390000,1,0,1,0,0,0,1,0
1617,21,2014,58000,5.0,65.0,1450000,1,0,0,1,0,0,1,0
1618,9,2012,76148,5.0,45.0,434999,0,1,1,0,0,0,1,0
1619,12,2015,104000,8.0,60.0,650000,0,1,1,0,0,0,1,0
1620,21,2013,50000,5.0,63.0,1175000,1,0,1,0,0,0,1,0
1621,9,2017,56000,5.0,32.0,325000,0,1,1,0,0,1,0,0
1622,4,2014,48000,5.0,50.0,525000,0,1,1,0,0,0,1,0
1623,6,2021,23000,7.0,45.0,1225000,0,1,1,0,0,1,0,0
1624,27,2021,5600,5.0,43.0,4200000,1,0,0,0,1,0,1,0
1625,9,2015,33000,5.0,45.0,550000,0,1,1,0,0,1,0,0
1626,9,2019,58900,5.0,55.0,1275000,0,1,1,0,0,0,1,0
1627,19,2019,65000,5.0,60.0,1585000,0,1,1,0,0,0,1,0
1628,17,2012,222000,7.0,55.0,960000,0,1,1,0,0,0,1,0
1629,28,2016,20000,7.0,65.0,3900000,1,0,1,0,0,0,1,0
1630,4,2019,32000,5.0,28.0,434999,0,1,1,0,0,1,0,0
1631,12,2017,62000,7.0,35.0,650000,0,1,1,0,0,0,1,0
1632,6,2017,71000,7.0,45.0,775000,0,1,1,0,0,1,0,0
1633,9,2008,61000,5.0,35.0,185000,1,0,0,0,1,1,0,0
1634,6,2011,42152,5.0,35.0,204999,0,1,1,0,0,1,0,0
1635,9,2017,29000,5.0,43.0,560000,0,1,1,0,0,1,0,0
1636,17,2014,158690,7.0,55.0,1000000,0,1,0,1,0,0,1,0
1637,27,2016,61000,5.0,93.0,5000000,1,0,1,0,0,0,1,0
1638,6,2016,92000,5.0,43.0,635000,0,1,0,1,0,0,1,0
1639,6,2020,42000,5.0,37.0,650000,0,1,1,0,0,1,0,0
1640,1,2019,60969,5.0,35.0,345000,0,1,1,0,0,1,0,0
1641,12,2017,93000,7.0,70.0,865000,0,1,1,0,0,0,1,0
1642,21,2014,100000,5.0,63.0,1380000,1,0,1,0,0,0,1,0
1643,6,2018,31000,5.0,43.0,585000,0,1,1,0,0,1,0,0
1644,17,2020,55000,5.0,37.0,690000,0,1,1,0,0,1,0,0
1645,6,2018,68320,5.0,35.0,380000,0,1,1,0,0,0,0,1
1646,11,2018,65000,7.0,60.0,850000,0,1,1,0,0,0,1,0
1647,17,2013,95000,7.0,80.0,1750000,0,1,0,1,0,0,1,0
0,7,2017,87150,5.0,35.0,505000,0,1,1,0,0,1,0,0
1,6,2014,75000,5.0,42.0,450000,0,1,0,1,0,0,1,0
2,9,2011,67000,5.0,35.0,220000,0,1,1,0,0,1,0,0
3,17,2019,37500,5.0,37.0,799000,0,1,1,0,0,1,0,0
4,17,2018,69000,7.0,55.0,1950000,0,1,1,0,0,0,1,0
5,6,2017,73315,5.0,43.0,675000,0,1,1,0,0,1,0,0
6,27,2015,47000,5.0,35.0,1898999,1,0,0,1,0,1,0,0
7,25,2017,75000,5.0,51.0,2650000,1,0,0,1,0,0,1,0
8,15,2017,56000,5.0,50.0,1390000,1,0,1,0,0,1,0,0
9,5,2015,85000,5.0,50.0,575000,0,1,1,0,0,0,1,0
10,9,2017,20281,5.0,45.0,591000,0,1,1,0,0,1,0,0
11,4,2018,22541,5.0,28.0,459999,0,1,1,0,0,1,0,0
12,6,2019,30672,5.0,43.0,1075000,1,0,1,0,0,1,0,0
13,11,2019,20856,5.0,50.0,1695000,0,1,1,0,0,0,1,0
14,8,2017,41417,5.0,45.0,944999,1,0,1,0,0,1,0,0
15,6,2016,11471,5.0,35.0,569000,1,0,1,0,0,1,0,0
16,6,2019,3583,5.0,35.0,449000,0,1,1,0,0,1,0,0
17,6,2018,21365,5.0,37.0,894999,1,0,1,0,0,1,0,0
18,6,2020,30777,5.0,32.0,699000,1,0,1,0,0,1,0,0
19,9,2016,60125,5.0,60.0,740000,0,1,1,0,0,1,0,0
20,6,2020,2169,5.0,27.0,470000,1,0,1,0,0,1,0,0
21,8,2015,60240,5.0,55.0,765000,1,0,1,0,0,1,0,0
22,9,2018,13772,5.0,35.0,589000,1,0,1,0,0,1,0,0
23,9,2019,27464,5.0,45.0,999000,0,1,1,0,0,1,0,0
24,6,2019,47377,4.0,60.0,370000,0,1,1,0,0,0,0,1
25,6,2013,23086,5.0,43.0,325000,0,1,1,0,0,1,0,0
26,9,2019,36313,5.0,60.0,1175000,0,1,1,0,0,1,0,0
27,7,2014,39276,5.0,35.0,351000,0,1,1,0,0,1,0,0
28,9,2015,47752,5.0,45.0,551000,0,1,1,0,0,1,0,0
29,7,2018,27963,5.0,40.0,819999,0,1,1,0,0,1,0,0
30,9,2020,24013,5.0,45.0,990000,0,1,1,0,0,1,0,0
31,9,2016,66000,5.0,60.0,925000,1,0,1,0,0,0,1,0
32,14,2015,28000,5.0,52.0,535000,0,1,1,0,0,1,0,0
33,7,2013,67000,5.0,35.0,860000,1,0,1,0,0,1,0,0
34,9,2009,72000,5.0,35.0,145000,0,1,0,1,0,0,0,1
35,11,2018,27069,5.0,35.0,409000,0,1,1,0,0,1,0,0
36,11,2018,43000,5.0,35.0,490000,0,1,1,0,0,0,1,0
37,17,2019,71000,8.0,55.0,1900000,0,1,1,0,0,0,1,0
38,27,2017,45600,5.0,66.0,3850000,1,0,0,1,0,0,1,0
39,9,2018,60000,5.0,55.0,1125000,0,1,1,0,0,0,1,0
40,27,2014,105101,5.0,70.0,2300000,1,0,1,0,0,0,1,0
41,17,2016,45000,5.0,55.0,1095000,1,0,1,0,0,1,0,0
42,21,2013,66000,5.0,63.0,1575000,1,0,1,0,0,0,1,0
43,27,2010,34105,2.0,70.0,2400000,1,0,1,0,0,1,0,0
44,9,2015,68397,5.0,45.0,525000,0,1,1,0,0,1,0,0
45,12,2015,65000,6.0,60.0,625000,0,1,0,1,0,0,1,0
46,6,2019,27469,5.0,37.0,605000,0,1,1,0,0,1,0,0
47,6,2016,41058,5.0,35.0,412000,1,0,1,0,0,1,0,0
48,6,2016,51330,5.0,43.0,625000,0,1,1,0,0,0,1,0
49,6,2015,45969,5.0,43.0,511000,0,1,1,0,0,1,0,0
50,9,2017,66602,5.0,60.0,1150000,1,0,1,0,0,0,1,0
51,9,2016,57983,5.0,60.0,885000,0,1,1,0,0,1,0,0
52,4,2019,11183,5.0,28.0,470000,1,0,1,0,0,1,0,0
53,20,2019,46301,5.0,60.0,1611000,0,1,1,0,0,0,1,0
54,11,2017,34867,5.0,35.0,475000,1,0,0,1,0,1,0,0
55,17,2015,43634,7.0,55.0,865000,0,1,1,0,0,0,1,0
56,25,2018,9512,5.0,67.0,3800000,1,0,1,0,0,0,1,0
57,19,2020,11293,5.0,60.0,2475000,1,0,1,0,0,0,1,0
58,12,2014,78000,8.0,60.0,400000,0,1,0,1,0,0,1,0
59,7,2016,50374,5.0,35.0,440000,0,1,1,0,0,1,0,0
60,25,2017,15900,5.0,57.0,2800000,1,0,1,0,0,1,0,0
61,7,2017,64000,5.0,40.0,645000,0,1,1,0,0,1,0,0
62,8,2013,78000,5.0,45.0,365000,0,1,1,0,0,0,1,0
63,6,2021,24000,5.0,48.0,1044999,0,1,1,0,0,1,0,0
64,6,2019,40310,7.0,40.0,515000,0,1,0,1,0,1,0,0
65,9,2015,69700,5.0,43.0,455000,1,0,1,0,0,1,0,0
66,25,2012,74073,5.0,67.0,1800000,1,0,1,0,0,0,1,0
67,17,2019,73000,7.0,80.0,3499000,1,0,1,0,0,0,1,0
68,7,2006,130000,5.0,50.0,190000,0,1,0,0,1,1,0,0
69,21,2012,50000,5.0,35.0,1250000,1,0,1,0,0,0,1,0
70,6,2021,24000,5.0,37.0,775000,1,0,1,0,0,1,0,0
71,9,2021,43000,5.0,37.0,825000,0,1,1,0,0,0,1,0
72,21,2016,40500,5.0,50.0,2250000,1,0,1,0,0,0,1,0
73,7,2017,49013,5.0,40.0,865000,1,0,1,0,0,1,0,0
74,14,2013,64983,5.0,45.0,299000,0,1,1,0,0,0,1,0
75,7,2017,92270,5.0,40.0,570000,0,1,1,0,0,1,0,0
76,8,2013,65000,5.0,45.0,385000,0,1,1,0,0,1,0,0
77,7,2014,110000,5.0,35.0,350000,0,1,1,0,0,0,1,0
78,17,2017,47000,5.0,70.0,2345000,1,0,1,0,0,1,0,0
79,12,2022,10000,4.0,57.0,1650000,1,0,1,0,0,1,0,0
80,27,2011,51500,5.0,66.0,1100000,1,0,0,1,0,0,1,0
81,21,2018,35000,5.0,64.0,2900000,1,0,1,0,0,0,1,0
82,6,2017,61518,5.0,37.0,545000,0,1,1,0,0,1,0,0
83,25,2018,34000,5.0,63.0,2990000,1,0,1,0,0,0,1,0
84,6,2017,36058,5.0,37.0,615000,0,1,1,0,0,1,0,0
85,9,2016,88000,5.0,60.0,890000,1,0,1,0,0,0,1,0
86,8,2015,98112,5.0,55.0,430000,0,1,1,0,0,1,0,0
87,27,2013,58000,5.0,66.0,1650000,1,0,1,0,0,0,1,0
88,17,2015,92355,5.0,65.0,1599000,1,0,1,0,0,1,0,0
89,6,2019,16652,5.0,37.0,691000,0,1,1,0,0,1,0,0
90,5,2016,76584,5.0,50.0,650000,0,1,1,0,0,0,1,0
91,6,2015,42500,5.0,35.0,415000,0,1,1,0,0,0,0,1
92,6,2016,70000,5.0,48.0,669000,0,1,1,0,0,0,1,0
93,25,2015,84700,5.0,35.0,2950000,1,0,0,1,0,0,1,0
94,27,2018,83400,5.0,35.0,3900000,1,0,0,1,0,0,1,0
95,29,2022,2766,4.0,75.0,16200000,1,0,1,0,0,1,0,0
96,27,2017,56000,4.0,59.0,5100000,1,0,0,1,0,1,0,0
97,9,2015,68766,5.0,45.0,525000,0,1,1,0,0,1,0,0
98,9,2018,16339,5.0,43.0,750000,0,1,1,0,0,1,0,0
99,7,2016,63882,5.0,35.0,445000,0,1,1,0,0,1,0,0
100,17,2012,28732,5.0,55.0,493000,0,1,1,0,0,1,0,0
101,9,2017,51349,5.0,45.0,611000,0,1,1,0,0,1,0,0
102,9,2014,61866,5.0,43.0,475000,1,0,1,0,0,1,0,0
103,9,2017,29401,5.0,60.0,925000,0,1,1,0,0,1,0,0
104,21,2012,98580,5.0,65.0,1325000,1,0,1,0,0,0,1,0
105,25,2021,8000,5.0,63.0,3900000,1,0,1,0,0,0,1,0
106,12,2020,31348,5.0,42.0,1299000,0,1,1,0,0,0,1,0
107,6,2018,28851,5.0,37.0,580000,0,1,1,0,0,0,1,0
108,7,2013,38175,5.0,35.0,229000,0,1,1,0,0,1,0,0
109,12,2021,8519,4.0,57.0,1575000,0,1,1,0,0,1,0,0
110,7,2011,78000,5.0,42.0,375000,0,1,1,0,0,1,0,0
111,27,2015,48000,5.0,80.0,2250000,1,0,1,0,0,0,1,0
112,17,2014,143000,7.0,80.0,1400000,1,0,0,1,0,0,1,0
113,11,2017,39000,5.0,44.0,425000,0,1,1,0,0,0,1,0
114,15,2014,24000,5.0,55.0,425000,1,0,0,1,0,1,0,0
115,6,2015,62000,5.0,35.0,250000,0,1,0,1,0,1,0,0
116,6,2012,78000,7.0,45.0,425000,0,1,0,1,0,0,1,0
117,9,2009,48500,5.0,35.0,120000,0,1,0,0,1,0,0,1
118,14,2014,82000,5.0,45.0,235000,0,1,0,1,0,0,1,0
119,21,2020,40910,5.0,50.0,3050000,1,0,1,0,0,0,1,0
120,11,2020,10290,5.0,50.0,2145000,0,1,1,0,0,0,1,0
121,9,2021,10530,5.0,37.0,1245000,1,0,1,0,0,1,0,0
122,9,2015,61900,5.0,45.0,549000,0,1,1,0,0,1,0,0
123,8,2013,78000,5.0,45.0,484999,0,1,0,1,0,0,1,0
124,6,2014,57402,5.0,42.0,415000,0,1,1,0,0,1,0,0
125,9,2013,57000,5.0,35.0,200000,0,1,1,0,0,0,0,1
126,9,2015,87500,5.0,43.0,375000,0,1,1,0,0,1,0,0
127,11,2021,16000,5.0,35.0,1375000,1,0,1,0,0,0,0,1
128,9,2022,18000,5.0,50.0,1875000,1,0,1,0,0,1,0,0
129,21,2020,10700,5.0,55.0,2950000,1,0,1,0,0,1,0,0
130,21,2018,78000,7.0,75.0,4900000,1,0,1,0,0,0,1,0
131,9,2020,16282,5.0,37.0,1050000,1,0,1,0,0,1,0,0
132,9,2013,66000,5.0,43.0,470000,0,1,0,0,1,0,1,0
133,6,2017,72019,5.0,35.0,345000,0,1,0,1,0,1,0,0
134,25,2013,195000,5.0,35.0,1490000,1,0,1,0,0,0,1,0
135,12,2007,92170,7.0,60.0,550000,0,1,0,1,0,0,1,0
136,9,2018,55221,5.0,43.0,484999,0,1,1,0,0,1,0,0
137,17,2018,25000,7.0,80.0,3350000,1,0,1,0,0,0,1,0
138,6,2011,58888,5.0,35.0,210000,0,1,0,1,0,1,0,0
139,21,2022,1,5.0,70.0,5651000,1,0,0,0,1,1,0,0
140,4,2020,23500,5.0,50.0,890000,0,1,1,0,0,1,0,0
141,6,2012,68000,5.0,42.0,325000,0,1,0,1,0,1,0,0
142,9,2019,29096,5.0,55.0,1390000,1,0,1,0,0,1,0,0
143,9,2016,61223,5.0,43.0,459999,0,1,1,0,0,1,0,0
144,19,2017,86000,5.0,60.0,1075000,0,1,1,0,0,0,1,0
145,9,2013,87000,5.0,45.0,484999,0,1,1,0,0,0,1,0
146,9,2013,79287,5.0,45.0,385000,0,1,1,0,0,1,0,0
147,27,2018,47009,5.0,35.0,4400000,1,0,0,1,0,0,1,0
148,21,2018,48945,5.0,75.0,3900000,1,0,1,0,0,0,1,0
149,12,2019,17000,8.0,45.0,1050000,0,1,1,0,0,0,1,0
150,16,2019,55000,5.0,50.0,1575000,0,1,1,0,0,0,1,0
151,6,2016,38779,5.0,37.0,655000,0,1,1,0,0,1,0,0
152,27,2019,72000,5.0,80.0,4500000,1,0,1,0,0,0,1,0
153,6,2016,67000,7.0,45.0,865000,0,1,1,0,0,0,1,0
154,9,2017,67000,5.0,43.0,699000,0,1,1,0,0,1,0,0
155,9,2012,70000,5.0,43.0,425000,0,1,0,1,0,0,1,0
156,28,2020,6000,7.0,70.0,6500000,1,0,1,0,0,0,1,0
157,17,2017,46000,7.0,80.0,2900000,1,0,1,0,0,0,1,0
158,27,2017,34000,5.0,93.0,4550000,1,0,1,0,0,0,1,0
159,9,2015,23103,5.0,43.0,490000,0,1,1,0,0,1,0,0
160,27,2016,27000,4.0,70.0,11500000,1,0,1,0,0,1,0,0
161,9,2019,9576,5.0,55.0,1475000,1,0,1,0,0,1,0,0
162,20,2020,27000,5.0,60.0,1729000,1,0,1,0,0,1,0,0
163,20,2021,1942,5.0,48.0,1764999,1,0,1,0,0,1,0,0
164,7,2006,119300,5.0,58.0,250000,1,0,0,0,1,1,0,0
165,6,2016,55000,5.0,35.0,245000,0,1,1,0,0,1,0,0
166,4,2015,98000,5.0,50.0,490000,0,1,0,1,0,0,1,0
167,9,2017,61400,5.0,43.0,550000,0,1,1,0,0,1,0,0
168,7,2016,87693,5.0,40.0,675000,0,1,1,0,0,1,0,0
169,27,2015,31000,5.0,66.0,2225000,1,0,1,0,0,1,0,0
170,9,2016,75210,5.0,40.0,560000,0,1,1,0,0,0,1,0
171,15,2012,69000,5.0,45.0,225000,0,1,1,0,0,1,0,0
172,15,2014,88000,5.0,55.0,499000,1,0,0,1,0,0,1,0
173,16,2020,15000,5.0,45.0,1055000,1,0,1,0,0,1,0,0
174,12,2020,45350,7.0,70.0,2048999,1,0,1,0,0,0,1,0
175,25,2018,68189,5.0,57.0,2775000,1,0,1,0,0,0,1,0
176,27,2015,75000,5.0,50.0,1650000,1,0,1,0,0,0,1,0
177,6,2013,45000,5.0,35.0,350000,0,1,1,0,0,1,0,0
178,21,2014,33000,5.0,65.0,1450000,1,0,0,1,0,0,1,0
179,12,2014,83000,8.0,60.0,600000,0,1,0,1,0,0,1,0
180,25,2012,78000,5.0,35.0,1250000,1,0,1,0,0,0,1,0
181,17,2014,211000,7.0,80.0,1675000,0,1,1,0,0,0,1,0
182,9,2015,67000,5.0,45.0,575000,0,1,1,0,0,1,0,0
183,14,2017,75000,5.0,52.0,699000,0,1,1,0,0,0,1,0
184,21,2014,48600,6.0,100.0,2450000,1,0,0,1,0,0,1,0
185,27,2016,48000,5.0,66.0,2775000,1,0,1,0,0,0,1,0
186,6,2020,5790,5.0,27.0,430000,0,1,1,0,0,1,0,0
187,12,2018,32000,7.0,60.0,1165000,0,1,1,0,0,0,1,0
188,20,2020,65433,5.0,60.0,1780000,0,1,1,0,0,0,1,0
189,6,2011,87230,5.0,43.0,295000,0,1,1,0,0,0,1,0
190,6,2017,38258,5.0,37.0,495000,0,1,0,1,0,0,1,0
191,7,2019,56881,5.0,40.0,975000,0,1,1,0,0,1,0,0
192,17,2013,76000,7.0,55.0,645000,0,1,0,1,0,0,1,0
193,4,2014,72000,5.0,50.0,425000,0,1,0,1,0,0,1,0
194,21,2012,72000,5.0,64.0,1350000,1,0,0,0,1,0,1,0
195,27,2014,60514,5.0,95.0,3200000,1,0,1,0,0,0,1,0
196,23,2013,71141,5.0,60.0,1250000,1,0,1,0,0,0,1,0
197,25,2018,40937,5.0,65.0,5600000,1,0,1,0,0,0,1,0
198,6,2013,37000,5.0,42.0,560000,0,1,1,0,0,0,1,0
199,12,2019,46000,7.0,60.0,1221000,0,1,1,0,0,0,1,0
200,25,2015,86999,5.0,35.0,2975000,1,0,1,0,0,0,1,0
201,7,2009,70200,5.0,42.0,295000,1,0,0,1,0,1,0,0
202,27,2012,64800,5.0,66.0,1300000,1,0,1,0,0,1,0,0
203,9,2016,73000,5.0,60.0,950000,1,0,1,0,0,0,1,0
204,27,2012,72000,5.0,80.0,1350000,1,0,0,1,0,0,1,0
205,27,2015,76345,5.0,70.0,2682000,1,0,1,0,0,0,1,0
824,7,2002,65494,5.0,35.0,100000,0,1,1,0,0,1,0,0
825,6,2016,53807,5.0,42.0,440000,0,1,1,0,0,1,0,0
826,6,2018,46000,5.0,43.0,721000,0,1,1,0,0,1,0,0
827,15,2018,67546,5.0,50.0,1515000,1,0,0,1,0,1,0,0
828,28,2021,14500,7.0,70.0,7000000,1,0,1,0,0,1,0,0
829,7,2018,37100,5.0,40.0,949000,0,1,1,0,0,1,0,0
830,27,2019,30000,5.0,80.0,5500000,1,0,1,0,0,0,1,0
831,4,2018,89059,5.0,28.0,319000,0,1,1,0,0,1,0,0
832,6,2013,77000,7.0,45.0,459999,0,1,0,1,0,0,1,0
833,23,2018,42000,5.0,60.0,2100000,1,0,1,0,0,0,1,0
834,6,2017,58146,5.0,37.0,685000,0,1,1,0,0,1,0,0
835,22,2020,13000,4.0,44.0,3900000,1,0,1,0,0,1,0,0
836,17,2013,75000,5.0,45.0,300000,0,1,0,1,0,0,1,0
837,29,2016,20500,5.0,35.0,6350000,1,0,1,0,0,0,1,0
838,27,2018,50500,5.0,93.0,5400000,1,0,0,0,1,0,1,0
839,27,2022,3826,5.0,43.0,4100000,1,0,0,0,1,0,1,0
840,27,2019,53000,7.0,100.0,6875000,1,0,1,0,0,0,1,0
841,9,2018,37000,5.0,55.0,1115000,0,1,0,1,0,1,0,0
842,7,2017,38000,5.0,40.0,761000,1,0,0,1,0,1,0,0
843,6,2021,8499,5.0,37.0,825000,0,1,1,0,0,1,0,0
844,9,2016,61181,5.0,45.0,650000,0,1,1,0,0,0,1,0
845,7,2017,45000,5.0,40.0,565000,0,1,1,0,0,1,0,0
846,27,2007,102000,5.0,90.0,750000,1,0,1,0,0,1,0,0
847,9,2021,9232,5.0,37.0,685000,1,0,1,0,0,1,0,0
848,6,2008,72542,5.0,35.0,135000,0,1,1,0,0,1,0,0
849,9,2018,42601,5.0,45.0,609000,0,1,1,0,0,1,0,0
850,12,2009,90000,8.0,60.0,365000,0,1,0,1,0,0,1,0
851,21,2016,65000,7.0,75.0,5175000,1,0,1,0,0,0,1,0
852,17,2018,40000,7.0,55.0,2175000,1,0,1,0,0,0,1,0
853,10,2013,106223,7.0,78.0,675000,1,0,0,1,0,0,1,0
854,25,2009,115000,5.0,85.0,1400000,1,0,0,1,0,0,1,0
855,7,2016,50000,5.0,35.0,480000,0,1,1,0,0,1,0,0
856,25,2020,30000,5.0,65.0,5800000,1,0,1,0,0,0,1,0
857,21,2018,39850,7.0,75.0,6700000,1,0,1,0,0,0,1,0
858,9,2014,80000,5.0,56.0,625000,1,0,1,0,0,0,1,0
859,18,2017,96095,7.0,65.0,1791000,1,0,1,0,0,0,1,0
860,6,2018,12768,5.0,40.0,422000,0,1,1,0,0,1,0,0
861,21,2021,12321,5.0,54.0,4200000,1,0,0,0,1,1,0,0
862,17,2018,65100,5.0,55.0,1295000,1,0,1,0,0,1,0,0
863,9,2017,30000,5.0,43.0,495000,0,1,1,0,0,1,0,0
864,11,2019,12000,5.0,35.0,585000,1,0,1,0,0,1,0,0
865,27,2019,33000,5.0,66.0,3950000,1,0,1,0,0,0,1,0
866,27,2021,13000,5.0,80.0,7475000,1,0,1,0,0,0,1,0
867,15,2013,57000,5.0,55.0,425000,1,0,0,1,0,1,0,0
868,25,2011,61000,5.0,35.0,975000,1,0,0,0,1,0,1,0
869,27,2017,48000,5.0,80.0,4150000,1,0,0,1,0,0,1,0
870,21,2012,118000,7.0,100.0,2475000,1,0,1,0,0,0,1,0
871,25,2017,44000,5.0,57.0,2990000,1,0,0,1,0,0,1,0
872,25,2015,59000,7.0,35.0,3550000,1,0,1,0,0,0,1,0
873,4,2013,99000,5.0,50.0,280000,0,1,0,1,0,0,1,0
874,27,2009,75000,5.0,90.0,1500000,1,0,0,1,0,1,0,0
875,25,2019,79000,5.0,68.0,5100000,1,0,1,0,0,0,1,0
876,17,2010,114000,7.0,80.0,825000,0,1,0,1,0,0,1,0
877,6,2014,82000,5.0,35.0,310000,0,1,1,0,0,0,0,1
878,7,2016,80000,5.0,40.0,595000,1,0,1,0,0,1,0,0
879,17,2014,65000,5.0,35.0,3100000,1,0,1,0,0,0,1,0
880,19,2017,57000,5.0,60.0,1240000,0,1,1,0,0,0,1,0
881,6,2018,26807,5.0,40.0,328000,0,1,0,1,0,1,0,0
882,9,2018,23000,5.0,40.0,625000,0,1,1,0,0,1,0,0
883,6,2015,112000,5.0,42.0,409999,0,1,1,0,0,0,1,0
884,6,2022,5000,5.0,35.0,975000,0,1,1,0,0,1,0,0
885,6,2015,70000,5.0,42.0,545000,0,1,1,0,0,1,0,0
886,8,2019,53929,5.0,45.0,699000,0,1,1,0,0,1,0,0
887,6,2014,49580,5.0,35.0,390000,0,1,1,0,0,1,0,0
888,17,2014,85000,5.0,50.0,680000,0,1,0,1,0,0,1,0
889,6,2015,61000,5.0,43.0,625000,0,1,1,0,0,0,1,0
890,6,2012,35000,5.0,28.0,235000,0,1,0,1,0,0,0,1
891,12,2016,42000,8.0,60.0,951000,0,1,1,0,0,0,1,0
892,7,2011,69000,5.0,42.0,550000,1,0,0,1,0,1,0,0
893,19,2017,70000,5.0,60.0,1350000,1,0,1,0,0,1,0,0
894,9,2013,15780,5.0,35.0,325000,0,1,1,0,0,1,0,0
895,21,2012,40031,5.0,35.0,1150000,1,0,0,1,0,0,1,0
896,21,2015,46000,7.0,100.0,2600000,1,0,1,0,0,0,1,0
897,6,2016,50800,5.0,43.0,640000,0,1,1,0,0,1,0,0
898,11,2021,3000,5.0,35.0,1250000,1,0,1,0,0,0,0,1
899,17,2011,95000,5.0,55.0,450000,1,0,1,0,0,1,0,0
900,25,2010,112000,5.0,70.0,750000,1,0,0,1,0,0,1,0
901,21,2020,36000,5.0,73.0,5300000,1,0,1,0,0,1,0,0
902,23,2019,3500,5.0,71.0,5800000,1,0,1,0,0,0,1,0
903,6,2018,30000,5.0,48.0,801000,0,1,1,0,0,0,1,0
904,8,2009,107879,5.0,35.0,310000,0,1,0,1,0,0,1,0
905,12,2017,19000,8.0,60.0,1090000,0,1,1,0,0,0,1,0
906,6,2014,31100,5.0,35.0,245000,0,1,0,1,0,1,0,0
907,7,2014,65000,5.0,35.0,475000,0,1,0,1,0,1,0,0
908,17,2017,49000,7.0,80.0,2800000,1,0,0,1,0,0,1,0
909,11,2022,5000,5.0,35.0,1450000,1,0,1,0,0,0,0,1
910,21,2020,11000,5.0,50.0,2950000,1,0,1,0,0,0,1,0
911,9,2019,28000,5.0,43.0,545000,0,1,1,0,0,1,0,0
912,14,2021,9400,7.0,80.0,3975000,1,0,1,0,0,0,1,0
913,27,2017,77000,5.0,66.0,4200000,1,0,1,0,0,0,1,0
914,9,2017,27000,5.0,43.0,434999,0,1,0,1,0,0,1,0
915,4,2017,15507,5.0,28.0,315000,0,1,1,0,0,1,0,0
916,10,2016,70000,7.0,78.0,900000,0,1,0,1,0,0,1,0
917,7,2015,44000,5.0,40.0,550000,0,1,1,0,0,1,0,0
918,25,2018,70000,5.0,67.0,4400000,1,0,1,0,0,0,1,0
919,17,2015,145000,7.0,80.0,1600000,1,0,0,1,0,0,1,0
920,1,2017,24000,5.0,28.0,198000,0,1,1,0,0,1,0,0
921,9,2014,47721,5.0,35.0,225000,0,1,1,0,0,0,0,1
922,9,2011,26000,5.0,45.0,310000,1,0,1,0,0,1,0,0
923,4,2017,15507,5.0,28.0,315000,0,1,1,0,0,1,0,0
924,7,2018,39000,5.0,40.0,775000,0,1,0,1,0,1,0,0
925,6,2017,58000,5.0,37.0,625000,1,0,1,0,0,1,0,0
926,9,2015,82000,5.0,60.0,775000,0,1,0,1,0,0,1,0
927,17,2018,95315,7.0,55.0,1549000,0,1,0,1,0,0,1,0
928,25,2016,46000,5.0,57.0,1679000,1,0,0,1,0,0,1,0
929,6,2019,11874,5.0,37.0,725000,1,0,1,0,0,1,0,0
930,9,2014,86000,5.0,43.0,540000,0,1,1,0,0,0,1,0
931,8,2014,111000,5.0,45.0,350000,0,1,0,1,0,0,1,0
932,23,2015,50000,5.0,60.0,1689999,1,0,0,1,0,0,1,0
933,5,2021,28000,5.0,40.0,625000,0,1,1,0,0,1,0,0
934,6,2019,25000,5.0,35.0,475000,0,1,1,0,0,1,0,0
935,16,2021,12000,5.0,50.0,1650000,0,1,1,0,0,0,1,0
936,9,2019,32000,5.0,35.0,409999,0,1,1,0,0,1,0,0
937,9,2011,45000,5.0,35.0,275000,0,1,1,0,0,1,0,0
938,28,2014,70000,5.0,77.0,5900000,1,0,1,0,0,0,1,0
939,17,2017,112000,7.0,55.0,2100000,0,1,1,0,0,0,1,0
940,25,2017,51800,5.0,65.0,2750000,1,0,0,1,0,0,1,0
941,6,2017,22000,5.0,32.0,545000,1,0,1,0,0,1,0,0
942,11,2015,155000,7.0,55.0,740000,0,1,1,0,0,0,1,0
943,27,2016,60000,5.0,80.0,2400000,1,0,0,1,0,1,0,0
944,25,2018,23000,5.0,65.0,4500000,1,0,1,0,0,0,1,0
945,6,2014,75000,5.0,42.0,465000,0,1,1,0,0,1,0,0
946,2,2014,71000,5.0,45.0,375000,0,1,1,0,0,0,1,0
947,21,2017,64000,5.0,64.0,2900000,1,0,1,0,0,0,1,0
948,7,2018,45326,5.0,40.0,795000,0,1,1,0,0,1,0,0
949,27,2020,28079,5.0,66.0,5250000,1,0,1,0,0,0,1,0
950,21,2019,15529,5.0,50.0,2900000,1,0,1,0,0,0,1,0
951,27,2015,43200,5.0,50.0,2250000,1,0,1,0,0,1,0,0
952,7,2017,29386,5.0,40.0,1050000,1,0,0,1,0,1,0,0
953,9,2021,18105,5.0,43.0,765000,0,1,1,0,0,1,0,0
954,6,2017,125372,5.0,48.0,675000,0,1,1,0,0,0,1,0
955,21,2015,100000,5.0,75.0,2400000,1,0,1,0,0,0,1,0
956,6,2019,40000,7.0,40.0,509999,0,1,1,0,0,1,0,0
957,12,2022,31000,7.0,60.0,2750000,1,0,1,0,0,0,1,0
958,21,2012,42000,5.0,65.0,2600000,1,0,1,0,0,0,1,0
959,7,2012,65001,5.0,42.0,495000,1,0,1,0,0,1,0,0
960,21,2014,42533,7.0,100.0,2400000,1,0,1,0,0,0,1,0
961,9,2018,45000,5.0,43.0,495000,0,1,1,0,0,1,0,0
962,28,2018,36000,7.0,65.0,4200000,1,0,0,1,0,0,1,0
963,17,2017,44000,7.0,80.0,2550000,1,0,0,1,0,0,1,0
964,6,2016,85000,5.0,42.0,480000,0,1,1,0,0,0,1,0
965,9,2021,17000,5.0,60.0,1750000,0,1,1,0,0,0,1,0
966,6,2019,72000,7.0,45.0,850000,0,1,1,0,0,0,1,0
967,9,2019,34400,5.0,35.0,434999,1,0,1,0,0,1,0,0
968,9,2021,8800,5.0,45.0,1070000,0,1,1,0,0,1,0,0
969,7,2022,2000,5.0,40.0,1530000,1,0,1,0,0,1,0,0
970,9,2020,19700,5.0,50.0,1598000,0,1,1,0,0,0,1,0
971,9,2016,45000,5.0,43.0,645000,0,1,1,0,0,1,0,0
972,27,2012,73000,5.0,35.0,1100000,1,0,1,0,0,0,1,0
973,6,2017,76000,5.0,42.0,650000,1,0,1,0,0,0,1,0
974,8,2013,110000,5.0,55.0,545000,0,1,1,0,0,0,1,0
975,7,2022,2700,5.0,40.0,1095000,0,1,1,0,0,1,0,0
976,17,2018,75000,7.0,55.0,1975000,1,0,1,0,0,0,1,0
977,31,2011,60000,5.0,82.5,18000000,1,0,0,1,0,1,0,0
978,21,2017,110000,5.0,64.0,1839000,1,0,1,0,0,0,1,0
979,15,2016,70000,5.0,66.0,1500000,1,0,0,1,0,1,0,0
980,21,2017,42000,5.0,64.0,2100000,1,0,1,0,0,0,1,0
981,8,2015,70000,5.0,45.0,345000,0,1,1,0,0,0,1,0
982,7,2018,52890,5.0,40.0,850000,0,1,1,0,0,1,0,0
983,9,2018,72870,5.0,55.0,1425000,1,0,1,0,0,0,1,0
984,9,2017,48591,5.0,45.0,675000,0,1,1,0,0,1,0,0
985,12,2019,60888,5.0,42.0,925000,0,1,1,0,0,0,1,0
986,9,2014,48000,5.0,32.0,210000,0,1,1,0,0,1,0,0
987,11,2018,20251,5.0,44.0,760000,0,1,1,0,0,1,0,0
988,9,2015,49000,5.0,43.0,640000,0,1,1,0,0,0,1,0
989,6,2013,66000,5.0,42.0,340000,0,1,1,0,0,1,0,0
990,28,2020,54200,7.0,70.0,5995000,1,0,1,0,0,0,1,0
991,5,2013,33000,5.0,35.0,550000,1,0,1,0,0,1,0,0
992,7,2017,51292,5.0,40.0,695000,0,1,1,0,0,1,0,0
993,14,2015,89000,5.0,40.0,465000,0,1,0,1,0,0,1,0
994,17,2019,55000,5.0,37.0,735000,0,1,1,0,0,1,0,0
995,27,1988,71000,5.0,80.0,1300000,1,0,0,0,1,1,0,0
996,9,2021,20000,7.0,50.0,1848999,0,1,1,0,0,0,1,0
997,7,2016,68500,5.0,40.0,685000,0,1,1,0,0,1,0,0
998,9,2014,99000,7.0,64.0,875000,1,0,1,0,0,0,1,0
999,17,2018,110000,7.0,55.0,2039999,1,0,1,0,0,0,1,0
1000,17,2019,19244,5.0,37.0,700000,0,1,1,0,0,1,0,0
1001,6,2020,19000,5.0,32.0,550000,0,1,1,0,0,1,0,0
1002,9,2015,75000,7.0,64.0,825000,1,0,0,1,0,0,1,0
1003,17,2021,29000,7.0,55.0,3100000,0,1,1,0,0,0,1,0
1004,21,2013,60000,5.0,65.0,1400000,1,0,0,1,0,0,1,0
1005,6,2015,80000,5.0,42.0,425000,0,1,0,1,0,1,0,0
1006,26,2018,54500,5.0,56.0,4375000,1,0,0,1,0,1,0,0
1007,17,2021,38000,7.0,55.0,3000000,1,0,1,0,0,0,1,0
1008,27,2021,16785,5.0,66.0,6600000,1,0,1,0,0,1,0,0
1009,6,2016,52000,5.0,48.0,640000,0,1,0,1,0,0,1,0
1010,9,2013,76000,5.0,35.0,275000,0,1,1,0,0,0,0,1
1011,9,2019,42678,5.0,45.0,695000,0,1,1,0,0,1,0,0
1012,7,2010,95000,5.0,42.0,245000,1,0,0,1,0,1,0,0
1013,4,2016,65000,5.0,50.0,690000,0,1,0,1,0,0,1,0
1014,8,2021,31000,5.0,50.0,1500000,1,0,1,0,0,1,0,0
1015,6,2014,82682,5.0,35.0,270000,0,1,1,0,0,1,0,0
1016,9,2016,70500,5.0,45.0,545000,0,1,1,0,0,0,1,0
1017,20,2021,10000,6.0,60.0,1875000,1,0,1,0,0,1,0,0
1018,4,2016,57159,5.0,28.0,254999,0,1,1,0,0,1,0,0
1019,25,2014,82000,5.0,35.0,2000000,1,0,1,0,0,0,1,0
1020,28,2016,120000,7.0,82.0,2785000,1,0,1,0,0,0,1,0
1021,12,2021,17000,4.0,57.0,1800000,0,1,1,0,0,0,1,0
1022,7,2012,40000,5.0,42.0,475000,1,0,0,1,0,1,0,0
1023,9,2020,58100,5.0,45.0,650000,0,1,1,0,0,1,0,0
1024,17,2012,12749,7.0,80.0,1199000,0,1,1,0,0,0,1,0
1025,9,2013,83466,7.0,70.0,650000,1,0,1,0,0,0,1,0
1026,12,2015,86000,8.0,60.0,795000,0,1,0,1,0,0,1,0
1027,27,2015,60921,5.0,66.0,2385000,1,0,0,1,0,1,0,0
1028,21,2014,78000,5.0,75.0,1700000,1,0,1,0,0,0,1,0
1029,9,2012,53000,5.0,43.0,380000,0,1,1,0,0,1,0,0
206,6,2017,40564,5.0,35.0,286000,0,1,1,0,0,1,0,0
207,9,2013,98500,5.0,45.0,340000,0,1,1,0,0,0,1,0
208,15,2020,46807,5.0,55.0,1125000,1,0,1,0,0,1,0,0
209,11,2018,81000,5.0,44.0,580000,1,0,1,0,0,1,0,0
210,6,2015,13716,5.0,42.0,495000,0,1,1,0,0,1,0,0
211,6,2014,89000,5.0,42.0,550000,0,1,1,0,0,0,1,0
212,16,2021,13000,5.0,45.0,1485000,1,0,1,0,0,0,1,0
213,15,2018,38000,5.0,55.0,885000,0,1,1,0,0,1,0,0
214,21,2012,25500,5.0,64.0,3650000,1,0,0,1,0,1,0,0
215,9,2020,17000,5.0,37.0,715000,1,0,1,0,0,1,0,0
216,27,2012,44724,7.0,80.0,2485000,1,0,1,0,0,1,0,0
217,17,2020,24549,7.0,55.0,2250000,0,1,0,1,0,0,1,0
218,9,2017,97000,5.0,60.0,1050000,1,0,1,0,0,0,1,0
219,17,2018,7800,7.0,80.0,3600000,1,0,1,0,0,0,1,0
220,7,2010,78000,5.0,42.0,295000,0,1,1,0,0,1,0,0
221,4,2019,55000,5.0,28.0,375000,0,1,1,0,0,1,0,0
222,21,2021,20000,5.0,75.0,7200000,1,0,0,0,1,1,0,0
223,11,2021,13594,6.0,50.0,2395000,1,0,1,0,0,0,1,0
224,21,2014,75000,5.0,65.0,1775000,1,0,1,0,0,0,1,0
225,6,2011,65000,5.0,43.0,275000,0,1,1,0,0,0,1,0
226,7,2014,43037,5.0,35.0,325000,0,1,1,0,0,1,0,0
227,6,2013,26000,5.0,42.0,425000,0,1,1,0,0,0,1,0
228,12,2020,78000,7.0,60.0,1475000,0,1,1,0,0,0,1,0
229,17,2018,115000,7.0,55.0,1580000,1,0,1,0,0,0,1,0
230,7,2021,8700,5.0,35.0,869000,1,0,1,0,0,1,0,0
231,27,2019,31000,5.0,93.0,5850000,1,0,1,0,0,0,1,0
232,19,2020,41736,5.0,60.0,1900000,1,0,1,0,0,0,1,0
233,30,2017,40000,5.0,80.0,9000000,1,0,0,1,0,0,1,0
234,17,2020,55000,7.0,80.0,3550000,1,0,1,0,0,0,1,0
235,29,2014,160000,5.0,100.0,3500000,1,0,1,0,0,1,0,0
236,17,2022,11000,7.0,55.0,2425000,1,0,1,0,0,0,1,0
237,25,2018,24690,7.0,35.0,5811000,1,0,1,0,0,0,1,0
238,17,2011,117000,7.0,80.0,750000,0,1,0,1,0,0,1,0
239,21,2014,95000,7.0,100.0,2200000,1,0,1,0,0,0,1,0
240,6,2019,76000,5.0,60.0,520000,0,1,1,0,0,0,0,1
241,6,2018,18000,5.0,35.0,390000,0,1,1,0,0,1,0,0
242,6,2015,38000,5.0,43.0,540000,0,1,1,0,0,1,0,0
243,6,2018,43000,5.0,37.0,699000,1,0,1,0,0,0,1,0
244,9,2013,107000,5.0,43.0,484999,0,1,1,0,0,0,1,0
245,27,2021,13000,4.0,66.0,7500000,1,0,1,0,0,1,0,0
246,27,2011,85000,5.0,90.0,850000,1,0,0,1,0,0,1,0
247,11,2018,8922,5.0,44.0,1085000,1,0,1,0,0,1,0,0
248,6,2013,47800,5.0,35.0,319000,0,1,1,0,0,1,0,0
249,12,2012,143000,7.0,70.0,549000,0,1,1,0,0,0,1,0
250,11,2019,68758,5.0,50.0,1725000,0,1,1,0,0,0,1,0
251,7,2015,72000,7.0,42.0,475000,0,1,0,1,0,0,1,0
252,11,2022,7500,5.0,37.0,890000,0,1,1,0,0,1,0,0
253,6,2012,37000,5.0,35.0,235000,0,1,0,1,0,1,0,0
254,9,2016,22402,5.0,43.0,445000,0,1,1,0,0,1,0,0
255,7,2019,12382,5.0,40.0,1060000,0,1,1,0,0,1,0,0
256,6,2017,61000,5.0,37.0,690000,0,1,1,0,0,0,1,0
257,24,2018,90868,5.0,82.0,4200000,1,0,1,0,0,0,1,0
258,25,2015,84700,5.0,35.0,2950000,1,0,0,1,0,0,1,0
259,28,2022,22010,5.0,104.0,12500000,1,0,1,0,0,1,0,0
260,17,2015,72000,7.0,80.0,1750000,1,0,0,1,0,0,1,0
261,4,2018,75500,5.0,28.0,395000,0,1,1,0,0,1,0,0
262,25,2018,25000,5.0,51.0,2790000,1,0,1,0,0,0,1,0
263,21,2018,38000,5.0,64.0,2475000,1,0,1,0,0,0,1,0
264,6,2009,39586,5.0,35.0,145000,0,1,1,0,0,1,0,0
265,9,2018,33647,5.0,40.0,750000,1,0,1,0,0,1,0,0
266,25,2012,75576,5.0,35.0,800000,1,0,0,1,0,0,1,0
267,12,2016,86000,7.0,70.0,950000,0,1,1,0,0,0,1,0
268,9,2018,57847,5.0,43.0,569000,0,1,1,0,0,1,0,0
269,6,2016,74000,5.0,42.0,470000,0,1,1,0,0,1,0,0
270,29,2015,58000,5.0,85.0,5350000,1,0,1,0,0,0,1,0
271,5,2014,85000,5.0,50.0,450000,0,1,0,1,0,0,1,0
272,4,2016,26000,5.0,28.0,299000,0,1,1,0,0,1,0,0
273,9,2020,18000,5.0,50.0,1875000,1,0,1,0,0,1,0,0
274,12,2022,11000,4.0,57.0,1825000,1,0,1,0,0,0,1,0
275,28,2018,57300,7.0,65.0,4459000,1,0,1,0,0,0,1,0
276,25,2010,74000,5.0,70.0,1195000,1,0,0,1,0,0,1,0
277,17,2019,25000,5.0,37.0,790000,1,0,1,0,0,1,0,0
278,9,2017,39000,5.0,60.0,1095000,1,0,0,1,0,1,0,0
279,17,2020,45000,7.0,55.0,1950000,0,1,1,0,0,0,1,0
280,8,2015,80852,5.0,45.0,525000,1,0,0,1,0,1,0,0
281,18,2018,75592,7.0,65.0,2100000,1,0,1,0,0,0,1,0
282,6,2014,54420,5.0,35.0,270000,0,1,1,0,0,1,0,0
283,17,2015,39780,5.0,55.0,894999,1,0,1,0,0,1,0,0
284,9,2013,78301,5.0,35.0,335000,1,0,0,1,0,1,0,0
285,11,2018,38000,7.0,60.0,1000000,0,1,1,0,0,0,1,0
286,9,2009,126535,5.0,35.0,220000,0,1,1,0,0,1,0,0
287,9,2016,37079,5.0,60.0,960000,1,0,1,0,0,1,0,0
288,27,2018,87200,7.0,100.0,7200000,1,0,1,0,0,0,1,0
289,21,2014,51000,5.0,64.0,1300000,1,0,0,1,0,0,1,0
290,8,2013,39000,5.0,45.0,375000,0,1,1,0,0,1,0,0
291,6,2011,90000,5.0,35.0,300000,0,1,0,1,0,1,0,0
292,24,2017,29999,5.0,56.0,3299000,1,0,1,0,0,0,1,0
293,11,2014,100472,7.0,65.0,565000,0,1,1,0,0,0,1,0
294,21,2016,84700,5.0,64.0,1798999,1,0,1,0,0,0,1,0
295,6,2008,19759,5.0,35.0,189000,0,1,1,0,0,1,0,0
296,24,2014,66000,5.0,35.0,1875000,1,0,1,0,0,0,1,0
297,9,2014,56000,5.0,43.0,545000,0,1,1,0,0,1,0,0
298,9,2022,3383,5.0,45.0,1085000,0,1,1,0,0,1,0,0
299,6,2018,42000,5.0,48.0,725000,0,1,1,0,0,0,1,0
300,25,2012,65000,5.0,67.0,1090000,1,0,0,1,0,0,1,0
301,7,2019,17000,5.0,40.0,900000,0,1,1,0,0,1,0,0
302,25,2016,38000,5.0,65.0,3400000,1,0,0,1,0,0,1,0
303,7,2014,62500,5.0,35.0,295000,0,1,1,0,0,0,1,0
304,11,2021,30229,5.0,50.0,2251000,1,0,1,0,0,0,1,0
305,29,2019,9000,4.0,68.0,9300000,1,0,1,0,0,1,0,0
306,6,2016,26600,5.0,35.0,430000,0,1,1,0,0,0,0,1
307,6,2017,86000,5.0,43.0,600000,0,1,0,1,0,0,1,0
308,9,2017,86000,5.0,62.0,1595000,1,0,1,0,0,1,0,0
309,8,2014,125000,5.0,35.0,290000,0,1,1,0,0,0,1,0
310,9,2013,29135,5.0,45.0,375000,0,1,1,0,0,1,0,0
311,23,2015,50965,5.0,60.0,1200000,1,0,1,0,0,0,1,0
312,17,2014,72000,7.0,80.0,1525000,1,0,1,0,0,0,1,0
313,27,2016,28000,5.0,66.0,2675000,1,0,1,0,0,1,0,0
314,7,2015,42000,5.0,40.0,545000,1,0,1,0,0,1,0,0
315,27,2017,11850,5.0,70.0,7900000,1,0,1,0,0,0,1,0
316,7,2010,32000,5.0,42.0,195000,0,1,1,0,0,1,0,0
317,25,2021,24000,5.0,59.0,4550000,1,0,1,0,0,0,1,0
318,28,2015,50623,5.0,57.0,2499000,1,0,0,1,0,0,1,0
319,12,2012,85000,7.0,55.0,210000,0,1,0,0,1,0,1,0
320,9,2022,1700,5.0,45.0,1097000,0,1,1,0,0,0,1,0
321,8,2020,43260,5.0,45.0,1095000,1,0,1,0,0,1,0,0
322,6,2015,67738,5.0,35.0,325000,0,1,0,1,0,0,0,1
323,12,2019,69000,7.0,60.0,1375000,0,1,1,0,0,0,1,0
324,21,2012,93417,5.0,35.0,975000,1,0,1,0,0,0,1,0
325,6,2021,14722,5.0,37.0,745000,0,1,1,0,0,1,0,0
326,17,2017,29000,7.0,55.0,2175000,0,1,1,0,0,0,1,0
327,19,2017,60200,5.0,60.0,1250000,1,0,1,0,0,1,0,0
328,6,2017,140000,5.0,42.0,500000,0,1,1,0,0,0,1,0
329,7,2017,23798,5.0,40.0,625000,0,1,1,0,0,1,0,0
330,7,2011,55000,5.0,42.0,250000,0,1,1,0,0,1,0,0
331,8,2017,51000,5.0,55.0,650000,1,0,1,0,0,1,0,0
332,7,2014,49000,5.0,35.0,310000,0,1,0,1,0,1,0,0
333,4,2017,48000,5.0,50.0,600000,0,1,1,0,0,1,0,0
334,25,2013,121000,5.0,35.0,1400000,1,0,1,0,0,0,1,0
335,14,2013,74000,5.0,43.0,295000,0,1,1,0,0,0,1,0
336,12,2012,102000,7.0,70.0,484999,0,1,0,1,0,0,1,0
337,25,2018,32000,5.0,57.0,4250000,1,0,1,0,0,1,0,0
338,11,2020,48400,5.0,35.0,1550000,1,0,1,0,0,0,0,1
339,11,2013,97000,7.0,55.0,375000,0,1,1,0,0,0,1,0
340,16,2021,16000,5.0,50.0,1625000,1,0,1,0,0,1,0,0
341,29,2016,55700,5.0,85.0,5350000,1,0,1,0,0,0,1,0
342,25,2017,80000,5.0,80.0,4250000,1,0,1,0,0,0,1,0
343,14,2014,115000,5.0,52.0,480000,0,1,1,0,0,0,1,0
344,9,2020,74000,5.0,37.0,590000,0,1,1,0,0,1,0,0
345,9,2015,61000,5.0,45.0,561000,0,1,1,0,0,0,1,0
346,17,2014,104814,5.0,55.0,725000,0,1,1,0,0,1,0,0
347,9,2013,17000,5.0,56.0,645000,0,1,1,0,0,1,0,0
348,21,2015,60000,5.0,64.0,1695000,1,0,0,1,0,0,1,0
349,6,2016,45000,5.0,42.0,450000,0,1,1,0,0,1,0,0
350,12,2016,75811,7.0,70.0,1375000,0,1,1,0,0,0,1,0
351,12,2021,3813,4.0,57.0,1700000,0,1,1,0,0,1,0,0
352,6,2016,64928,5.0,42.0,525000,0,1,1,0,0,1,0,0
353,6,2018,68500,5.0,37.0,590000,0,1,1,0,0,0,1,0
354,17,2014,85000,7.0,80.0,1495000,1,0,1,0,0,0,1,0
355,25,2017,41296,5.0,65.0,3300000,1,0,1,0,0,0,1,0
356,7,2013,72567,5.0,35.0,385000,0,1,1,0,0,0,1,0
357,6,2020,4295,5.0,35.0,535000,0,1,1,0,0,1,0,0
358,6,2018,82000,5.0,48.0,875000,0,1,1,0,0,0,1,0
359,6,2010,33000,5.0,43.0,295000,0,1,1,0,0,1,0,0
360,2,2011,54000,5.0,45.0,235000,0,1,1,0,0,1,0,0
361,9,2018,68000,5.0,55.0,969999,0,1,1,0,0,0,1,0
362,7,2022,8530,5.0,40.0,1700000,1,0,0,0,1,1,0,0
363,9,2018,46000,5.0,62.0,1789999,1,0,1,0,0,1,0,0
364,17,2020,26000,7.0,65.0,1964999,0,1,1,0,0,1,0,0
365,21,2014,39394,2.0,60.0,4000000,1,0,0,1,0,1,0,0
366,11,2018,35000,5.0,35.0,484999,1,0,1,0,0,1,0,0
367,6,2019,17881,5.0,42.0,580000,0,1,1,0,0,1,0,0
368,7,2014,48409,5.0,40.0,450000,0,1,0,1,0,1,0,0
369,6,2020,40000,5.0,35.0,355000,0,1,1,0,0,1,0,0
370,21,2017,61643,5.0,64.0,2375000,1,0,1,0,0,0,1,0
371,27,2020,21000,4.0,59.0,6500000,1,0,0,1,0,1,0,0
372,11,2022,1500,5.0,44.0,1050000,0,1,1,0,0,1,0,0
373,14,2014,38985,5.0,52.0,445000,0,1,1,0,0,0,1,0
374,7,2015,52000,5.0,40.0,495000,0,1,1,0,0,1,0,0
375,9,2011,42000,5.0,35.0,275000,0,1,1,0,0,1,0,0
376,7,2014,29442,5.0,35.0,465000,1,0,1,0,0,1,0,0
377,19,2017,71800,5.0,60.0,1050000,0,1,1,0,0,0,1,0
378,27,2022,5000,5.0,66.0,4900000,1,0,1,0,0,1,0,0
379,9,2020,18000,5.0,60.0,695000,0,1,1,0,0,0,0,1
380,17,2018,37000,7.0,80.0,3210000,1,0,1,0,0,0,1,0
381,7,2009,85000,5.0,42.0,269000,0,1,0,1,0,1,0,0
382,9,2018,65555,5.0,43.0,445000,0,1,0,1,0,0,1,0
383,28,2021,35000,5.0,66.5,5950000,1,0,1,0,0,0,1,0
384,25,2018,87000,5.0,67.0,3800000,1,0,1,0,0,0,1,0
385,9,2018,42000,5.0,60.0,1000000,1,0,1,0,0,1,0,0
386,12,2018,68000,7.0,60.0,1490000,0,1,0,1,0,0,1,0
387,20,2022,600,5.0,48.0,1550000,0,1,1,0,0,1,0,0
388,11,2011,192326,7.0,65.0,199000,0,1,0,0,1,0,1,0
389,17,2013,82000,8.0,55.0,575000,0,1,0,0,1,1,0,0
390,17,2017,86006,5.0,45.0,484999,0,1,1,0,0,0,1,0
391,7,2014,75000,5.0,40.0,425000,0,1,1,0,0,0,1,0
392,12,2014,99000,8.0,60.0,1150000,0,1,1,0,0,0,1,0
393,15,2021,21651,5.0,66.0,3195000,1,0,1,0,0,1,0,0
394,9,2016,84000,5.0,45.0,725000,0,1,1,0,0,0,1,0
395,27,2014,65000,5.0,70.0,2450000,1,0,0,1,0,0,1,0
396,6,2017,31000,5.0,43.0,741000,1,0,1,0,0,1,0,0
397,27,2022,17000,5.0,80.0,7350000,1,0,1,0,0,0,1,0
398,12,2020,28000,6.0,57.0,1550000,0,1,1,0,0,0,1,0
399,7,2015,64000,5.0,40.0,645000,0,1,1,0,0,0,1,0
400,7,2014,85000,5.0,40.0,550000,0,1,1,0,0,0,1,0
401,6,2017,35000,5.0,37.0,595000,1,0,0,0,1,1,0,0
402,23,2015,44000,5.0,60.0,1595000,1,0,1,0,0,0,1,0
403,6,2017,32000,5.0,35.0,500000,1,0,0,1,0,1,0,0
404,6,2016,49857,5.0,35.0,345000,0,1,1,0,0,1,0,0
405,6,2013,46000,5.0,35.0,299000,0,1,1,0,0,1,0,0
406,6,2008,50000,5.0,35.0,160000,0,1,0,1,0,1,0,0
407,6,2017,36000,5.0,37.0,570000,1,0,1,0,0,1,0,0
408,4,2021,13000,5.0,40.0,800000,1,0,1,0,0,1,0,0
409,6,2018,40000,5.0,32.0,440000,0,1,1,0,0,1,0,0
410,27,2007,39000,5.0,35.0,509999,1,0,0,0,1,1,0,0
411,9,2013,45000,5.0,32.0,315000,0,1,1,0,0,1,0,0
1236,25,2013,65000,5.0,57.0,1395000,1,0,0,1,0,0,1,0
1237,15,2021,7900,5.0,50.0,1625000,1,0,1,0,0,1,0,0
1238,16,2021,22000,5.0,45.0,1499000,1,0,1,0,0,0,1,0
1239,8,2018,73000,5.0,71.0,2050000,1,0,0,1,0,0,1,0
1240,15,2016,55000,5.0,50.0,1300000,1,0,0,1,0,1,0,0
1241,15,2019,6900,5.0,66.0,3199000,1,0,1,0,0,0,1,0
1242,6,2017,65000,5.0,42.0,450000,0,1,1,0,0,1,0,0
1243,7,2015,48000,7.0,42.0,675000,0,1,1,0,0,0,1,0
1244,6,2018,48000,5.0,35.0,280000,0,1,0,1,0,1,0,0
1245,6,2018,18000,5.0,35.0,425000,0,1,1,0,0,1,0,0
1246,31,2011,27000,5.0,82.5,20000000,1,0,0,0,1,1,0,0
1247,27,2012,78000,5.0,66.0,1250000,1,0,1,0,0,0,1,0
1248,9,2014,87938,7.0,64.0,1175000,1,0,0,1,0,0,1,0
1249,9,2019,43000,5.0,60.0,545000,0,1,1,0,0,0,0,1
1250,27,2008,95200,5.0,66.0,495000,1,0,1,0,0,0,1,0
1251,6,2016,26000,5.0,42.0,500000,0,1,1,0,0,1,0,0
1252,6,2015,70000,5.0,35.0,390000,1,0,1,0,0,1,0,0
1253,6,2019,31000,5.0,60.0,575000,0,1,1,0,0,0,0,1
1254,25,2014,103000,5.0,35.0,2100000,1,0,0,1,0,0,1,0
1255,9,2012,54556,5.0,35.0,250000,0,1,1,0,0,1,0,0
1256,6,2019,74000,5.0,37.0,685000,0,1,1,0,0,1,0,0
1257,4,2016,64000,5.0,28.0,320000,0,1,1,0,0,1,0,0
1258,6,2016,85000,5.0,48.0,620000,0,1,0,1,0,0,1,0
1259,6,2018,54000,5.0,42.0,600000,0,1,1,0,0,1,0,0
1260,19,2019,57000,5.0,60.0,1750000,1,0,1,0,0,1,0,0
1261,28,2018,38000,7.0,65.0,4950000,1,0,1,0,0,0,1,0
1262,9,2015,68566,5.0,60.0,1015000,1,0,1,0,0,0,1,0
1263,17,2009,68195,5.0,55.0,390000,0,1,1,0,0,1,0,0
1264,6,2017,57000,5.0,43.0,755000,0,1,1,0,0,1,0,0
1265,9,2021,45000,5.0,50.0,1825000,1,0,1,0,0,1,0,0
1266,6,2014,60116,5.0,35.0,416000,1,0,1,0,0,1,0,0
1267,6,2010,82202,5.0,43.0,325000,0,1,0,1,0,0,1,0
1268,6,2008,51000,5.0,35.0,218000,0,1,0,1,0,1,0,0
1269,27,2018,24000,5.0,35.0,2800000,1,0,1,0,0,0,1,0
1270,6,2017,86000,5.0,43.0,650000,0,1,1,0,0,0,1,0
1271,7,2018,41000,5.0,40.0,790000,0,1,1,0,0,0,1,0
1272,7,2015,76000,5.0,40.0,540000,0,1,1,0,0,0,1,0
1273,6,2011,120000,5.0,42.0,375000,0,1,1,0,0,0,1,0
1274,25,2021,12500,5.0,51.0,3990000,1,0,1,0,0,1,0,0
1275,29,2018,6300,2.0,54.0,10900000,1,0,1,0,0,1,0,0
1276,6,2009,114000,5.0,43.0,245000,0,1,1,0,0,1,0,0
1277,6,2015,25862,5.0,35.0,260000,0,1,1,0,0,1,0,0
1278,15,2018,35000,7.0,63.0,3200000,1,0,1,0,0,0,1,0
1279,14,2010,72000,5.0,45.0,240000,0,1,1,0,0,0,1,0
1280,9,2015,90000,5.0,60.0,800000,0,1,1,0,0,0,1,0
1281,7,2016,38000,5.0,40.0,745000,0,1,1,0,0,1,0,0
1282,27,2021,7000,5.0,80.0,7390000,1,0,1,0,0,0,1,0
1283,25,2017,83985,5.0,35.0,5900000,1,0,0,1,0,0,1,0
1284,7,2019,74237,5.0,35.0,675000,0,1,1,0,0,1,0,0
1285,25,2018,53000,5.0,63.0,2650000,1,0,0,1,0,0,1,0
1286,6,2016,52303,5.0,35.0,340000,0,1,1,0,0,1,0,0
1287,6,2019,42356,5.0,37.0,620000,0,1,1,0,0,1,0,0
1288,6,2013,84000,5.0,50.0,297000,0,1,1,0,0,0,1,0
1289,17,2016,114000,5.0,45.0,500000,0,1,1,0,0,0,1,0
1290,9,2019,26894,5.0,45.0,1149000,1,0,1,0,0,1,0,0
1291,27,2017,70000,5.0,66.0,2650000,1,0,0,1,0,0,1,0
1292,17,2012,98352,7.0,80.0,1375000,0,1,1,0,0,0,1,0
1293,9,2009,107000,5.0,35.0,235000,0,1,0,0,1,1,0,0
1294,25,2014,68000,5.0,35.0,2280000,1,0,1,0,0,0,1,0
1295,17,2017,52000,7.0,80.0,3090000,1,0,1,0,0,0,1,0
1296,26,2017,31059,5.0,65.0,4375000,1,0,1,0,0,1,0,0
1297,6,2017,114000,5.0,48.0,749000,0,1,1,0,0,0,1,0
1298,25,2017,35000,7.0,35.0,4800000,1,0,1,0,0,0,1,0
1299,12,2017,44000,7.0,60.0,785000,0,1,1,0,0,0,1,0
1300,9,2017,72000,5.0,45.0,750000,0,1,1,0,0,0,1,0
1301,27,2019,8000,5.0,66.0,4150000,1,0,1,0,0,0,1,0
1302,6,2014,54000,5.0,35.0,320000,0,1,1,0,0,1,0,0
1303,27,2015,99000,5.0,50.0,1750000,1,0,0,1,0,0,1,0
1304,12,2019,88000,7.0,60.0,944999,0,1,1,0,0,0,1,0
1305,28,2020,11000,4.0,105.0,27500000,1,0,0,1,0,0,1,0
1306,14,2021,19000,7.0,80.0,4100000,1,0,1,0,0,0,1,0
1307,20,2021,33000,5.0,60.0,1750000,1,0,1,0,0,1,0,0
1308,6,2018,44153,7.0,45.0,811000,0,1,1,0,0,0,1,0
1309,28,2020,32368,7.0,65.0,6900000,1,0,1,0,0,0,1,0
1310,9,2016,42000,5.0,43.0,725000,0,1,1,0,0,0,1,0
1311,24,2020,56000,5.0,66.0,4600000,1,0,1,0,0,0,1,0
1312,11,2020,10000,5.0,35.0,1485000,1,0,1,0,0,0,0,1
1313,28,2019,63000,5.0,105.0,19300000,1,0,1,0,0,0,1,0
1314,9,2017,49422,5.0,43.0,650000,1,0,1,0,0,1,0,0
1315,20,2021,19000,6.0,60.0,1925000,1,0,1,0,0,1,0,0
1316,7,2015,75258,5.0,40.0,590000,1,0,1,0,0,1,0,0
1317,9,2019,46000,5.0,60.0,495000,0,1,1,0,0,0,0,1
1318,6,2016,68921,5.0,37.0,695000,0,1,1,0,0,0,1,0
1319,9,2018,79800,5.0,43.0,799000,0,1,1,0,0,0,1,0
1320,8,2013,53000,5.0,45.0,325000,0,1,0,1,0,1,0,0
1321,12,2018,59000,7.0,60.0,1190000,0,1,1,0,0,0,1,0
1322,24,2017,30000,5.0,77.0,5800000,1,0,1,0,0,0,1,0
1323,6,2009,65000,5.0,35.0,140000,0,1,0,0,1,1,0,0
1324,6,2021,58000,5.0,37.0,750000,0,1,1,0,0,1,0,0
1325,27,2014,94000,5.0,70.0,2600000,1,0,1,0,0,0,1,0
1326,6,2017,45000,5.0,35.0,299000,0,1,1,0,0,0,0,1
1327,17,2018,62152,7.0,80.0,3470000,1,0,1,0,0,0,1,0
1328,9,2019,28000,5.0,45.0,1075000,1,0,1,0,0,1,0,0
1329,9,2019,15000,5.0,43.0,650000,1,0,1,0,0,1,0,0
1330,7,2014,53610,5.0,35.0,425000,0,1,0,1,0,1,0,0
1331,5,2014,75000,5.0,50.0,445000,0,1,1,0,0,0,1,0
1332,6,2022,16000,6.0,45.0,1225000,0,1,1,0,0,1,0,0
1333,21,2015,60000,5.0,50.0,1350000,1,0,1,0,0,0,1,0
1334,8,2011,101923,5.0,35.0,345000,0,1,0,1,0,1,0,0
1335,27,2014,45000,5.0,66.0,1450000,1,0,1,0,0,0,1,0
1336,17,2017,120000,7.0,80.0,2749000,1,0,1,0,0,0,1,0
1337,9,2009,56400,5.0,35.0,141000,0,1,0,0,1,1,0,0
1338,9,2017,70000,5.0,60.0,1375000,1,0,1,0,0,0,1,0
1339,17,2016,82567,7.0,55.0,1825000,0,1,1,0,0,0,1,0
1340,21,2015,32000,4.0,90.0,4900000,1,0,1,0,0,0,1,0
1341,7,2015,68244,5.0,40.0,525000,0,1,0,1,0,0,1,0
1342,21,2014,25000,6.0,100.0,3300000,1,0,0,1,0,0,1,0
1343,9,2018,34000,5.0,32.0,405000,0,1,1,0,0,1,0,0
1344,21,2017,36000,5.0,64.0,2550000,1,0,1,0,0,0,1,0
1345,7,2019,36000,5.0,40.0,875000,0,1,1,0,0,1,0,0
1346,6,2014,68005,5.0,42.0,355000,0,1,1,0,0,1,0,0
1347,14,2018,74797,5.0,52.0,925000,0,1,1,0,0,0,1,0
1348,28,2021,12000,5.0,57.0,6500000,1,0,1,0,0,0,1,0
1349,9,2019,31000,5.0,45.0,625000,0,1,1,0,0,1,0,0
1350,1,2020,7520,5.0,28.0,425000,0,1,1,0,0,1,0,0
1351,9,2015,58078,5.0,43.0,550000,0,1,0,1,0,1,0,0
1352,8,2014,79081,5.0,55.0,434999,0,1,1,0,0,0,1,0
1353,27,2018,28000,5.0,93.0,5900000,1,0,1,0,0,0,1,0
1354,27,2017,72000,5.0,66.0,3500000,1,0,1,0,0,0,1,0
1355,9,2022,23000,5.0,50.0,1750000,1,0,1,0,0,1,0,0
1356,3,2012,74000,7.0,65.0,475000,1,0,1,0,0,0,1,0
1357,9,2015,11628,5.0,43.0,425000,0,1,1,0,0,1,0,0
1358,14,2017,81323,5.0,52.0,675000,0,1,1,0,0,0,1,0
1359,6,2016,50000,5.0,48.0,675000,0,1,1,0,0,0,1,0
1360,17,2016,145000,7.0,55.0,1725000,0,1,1,0,0,0,1,0
1361,21,2017,48000,5.0,50.0,1760000,1,0,1,0,0,1,0,0
1362,6,2017,80000,5.0,48.0,730000,0,1,1,0,0,0,1,0
1363,6,2011,28513,5.0,42.0,301000,0,1,1,0,0,1,0,0
1364,6,2011,42000,5.0,28.0,275000,0,1,0,1,0,0,0,1
1365,14,2013,87000,5.0,45.0,225000,0,1,1,0,0,0,1,0
1366,9,2012,55700,5.0,32.0,185000,0,1,0,1,0,1,0,0
1367,6,2017,45600,5.0,35.0,285000,0,1,1,0,0,1,0,0
1368,8,2013,78000,5.0,55.0,350000,0,1,0,1,0,0,1,0
1369,31,2012,55000,5.0,82.5,20000000,1,0,0,0,1,1,0,0
1370,27,2021,3000,7.0,90.0,12900000,1,0,1,0,0,0,1,0
1371,15,2017,52458,5.0,66.0,1650000,1,0,1,0,0,1,0,0
1372,6,2017,30000,5.0,35.0,265000,0,1,1,0,0,0,0,1
1373,11,2017,46992,5.0,35.0,395000,0,1,1,0,0,1,0,0
1374,7,2016,54440,5.0,40.0,500000,0,1,1,0,0,1,0,0
1375,12,2019,32000,7.0,70.0,2770000,1,0,1,0,0,0,1,0
1376,27,2015,103000,5.0,70.0,2450000,1,0,1,0,0,0,1,0
1377,21,2020,28600,5.0,63.0,3125000,1,0,1,0,0,1,0,0
1378,16,2020,72000,7.0,60.0,2950000,1,0,1,0,0,0,1,0
1379,6,2016,64906,7.0,45.0,620000,0,1,1,0,0,0,1,0
1380,27,2016,79000,5.0,50.0,2250000,1,0,1,0,0,0,1,0
1381,6,2017,64000,5.0,43.0,565000,0,1,1,0,0,1,0,0
1382,9,2018,56000,5.0,43.0,550000,0,1,1,0,0,1,0,0
1383,9,2007,85000,5.0,35.0,178000,0,1,0,1,0,1,0,0
1384,12,2022,12000,7.0,60.0,1550000,0,1,1,0,0,0,1,0
1385,6,2018,67900,5.0,48.0,711000,0,1,1,0,0,0,1,0
1386,11,2018,48144,5.0,35.0,375000,0,1,1,0,0,1,0,0
1387,25,2021,7100,5.0,63.0,4475000,1,0,1,0,0,0,1,0
1388,29,2022,9000,5.0,65.0,9100000,1,0,1,0,0,1,0,0
1389,6,2016,64000,5.0,35.0,245000,0,1,1,0,0,1,0,0
1390,7,2016,38000,5.0,40.0,690000,0,1,1,0,0,0,1,0
1391,17,2016,65321,8.0,55.0,944999,0,1,1,0,0,0,1,0
1392,27,2014,80000,4.0,50.0,1350000,1,0,0,0,1,1,0,0
1393,6,2018,37093,5.0,48.0,850000,0,1,1,0,0,0,1,0
1394,8,2021,37230,5.0,55.0,1200000,0,1,1,0,0,1,0,0
1395,6,2014,76116,5.0,35.0,329000,1,0,1,0,0,1,0,0
1396,7,2010,83359,5.0,50.0,300000,0,1,1,0,0,1,0,0
1397,21,2013,30000,5.0,35.0,1150000,1,0,0,1,0,0,1,0
1398,25,2018,38000,5.0,65.0,4900000,1,0,1,0,0,0,1,0
1399,9,2019,28000,5.0,60.0,465000,0,1,1,0,0,0,0,1
1400,15,2018,14120,5.0,66.0,2350000,1,0,1,0,0,1,0,0
1401,9,2014,25000,5.0,32.0,250000,0,1,1,0,0,1,0,0
1402,20,2020,28584,6.0,60.0,1950000,1,0,1,0,0,1,0,0
1403,25,2015,87000,7.0,35.0,2975000,1,0,1,0,0,0,1,0
1404,28,2017,50000,5.0,57.0,3800000,1,0,1,0,0,0,1,0
1405,6,2017,63200,4.0,60.0,330000,0,1,1,0,0,0,0,1
1406,9,2014,55000,5.0,43.0,409999,0,1,1,0,0,1,0,0
1407,14,2019,71569,5.0,40.0,575000,0,1,1,0,0,0,1,0
1408,9,2012,41200,5.0,35.0,270000,0,1,1,0,0,1,0,0
1409,12,2013,117000,8.0,60.0,434999,0,1,1,0,0,0,1,0
1410,6,2014,65000,5.0,42.0,465000,0,1,0,1,0,1,0,0
1411,25,2022,33000,5.0,67.0,6800000,1,0,1,0,0,0,1,0
1412,9,2011,21000,5.0,35.0,350000,0,1,1,0,0,1,0,0
1413,9,2020,23000,5.0,45.0,900000,0,1,1,0,0,1,0,0
1414,6,2016,26357,5.0,42.0,595000,0,1,1,0,0,1,0,0
1415,9,2018,33500,5.0,60.0,1260000,1,0,1,0,0,1,0,0
1416,11,2020,5923,5.0,44.0,530000,0,1,1,0,0,0,1,0
1417,6,2015,72000,7.0,45.0,599000,0,1,1,0,0,0,1,0
1418,12,2018,54154,7.0,70.0,1595000,1,0,0,1,0,0,1,0
1419,23,2017,14000,5.0,60.0,1798999,1,0,1,0,0,0,1,0
1420,6,2021,35500,5.0,37.0,636000,0,1,1,0,0,1,0,0
1421,9,2018,63000,5.0,60.0,950000,0,1,1,0,0,0,1,0
1422,6,2017,52836,5.0,48.0,800000,0,1,1,0,0,0,1,0
1423,6,2017,50000,5.0,35.0,434000,1,0,1,0,0,1,0,0
1424,9,2016,72114,5.0,45.0,625000,0,1,1,0,0,0,1,0
1425,6,2015,72000,5.0,35.0,245000,0,1,0,1,0,0,0,1
1426,27,2019,24000,5.0,50.0,3100000,1,0,1,0,0,1,0,0
1427,21,2012,42000,5.0,65.0,1490000,1,0,1,0,0,0,1,0
1428,25,2018,27600,5.0,65.0,6000000,1,0,1,0,0,0,1,0
1429,6,2015,31000,5.0,35.0,295000,0,1,1,0,0,1,0,0
1430,6,2018,32000,7.0,40.0,450000,0,1,0,1,0,1,0,0
1431,17,2018,55000,7.0,55.0,1989999,0,1,1,0,0,0,1,0
1432,26,2017,31059,5.0,65.0,3900000,1,0,1,0,0,1,0,0
1433,7,2016,72200,5.0,40.0,635000,0,1,1,0,0,0,1,0
1434,11,2013,72000,7.0,55.0,575000,0,1,0,1,0,0,1,0
1435,6,2016,77000,5.0,48.0,590000,0,1,1,0,0,0,1,0
1436,7,2020,26497,5.0,40.0,1199000,0,1,0,1,0,1,0,0
1437,9,2013,57000,5.0,35.0,380000,1,0,1,0,0,1,0,0
1438,21,2012,56000,5.0,35.0,975000,1,0,0,1,0,0,1,0
1439,6,2015,20100,5.0,35.0,365000,1,0,1,0,0,1,0,0
1440,21,2010,67000,5.0,63.0,1000000,1,0,0,1,0,1,0,0
1441,12,2021,14500,4.0,57.0,1800000,0,1,1,0,0,0,1,0
1648,6,2013,85785,5.0,43.0,275000,0,1,0,1,0,0,1,0
1649,8,2018,38000,5.0,55.0,690000,0,1,1,0,0,1,0,0
1650,9,2020,12905,5.0,37.0,1130000,0,1,1,0,0,1,0,0
1651,17,2019,26000,7.0,55.0,2295000,1,0,1,0,0,0,1,0
1652,27,2021,9000,5.0,43.0,4100000,1,0,1,0,0,1,0,0
1653,11,2018,65000,5.0,44.0,725000,0,1,0,1,0,0,1,0
1654,9,2019,48000,5.0,40.0,595000,0,1,1,0,0,1,0,0
1655,9,2011,91000,5.0,35.0,290000,0,1,1,0,0,1,0,0
1656,9,2011,84873,5.0,35.0,350000,0,1,0,1,0,1,0,0
1657,19,2022,15000,5.0,81.0,6100000,1,0,1,0,0,1,0,0
1658,12,2020,52000,5.0,42.0,1080000,0,1,1,0,0,0,1,0
1659,17,2013,90000,5.0,45.0,299000,0,1,0,0,1,0,1,0
1660,6,2018,58000,5.0,42.0,575000,0,1,1,0,0,0,0,1
1661,7,2014,67000,5.0,35.0,390000,1,0,1,0,0,1,0,0
1662,12,2015,67000,8.0,60.0,875000,0,1,1,0,0,0,1,0
1663,9,2021,37556,5.0,45.0,1175000,0,1,1,0,0,0,1,0
1664,6,2012,54000,5.0,35.0,260000,0,1,1,0,0,1,0,0
1665,7,2019,42000,5.0,35.0,650000,0,1,1,0,0,1,0,0
1666,8,2017,55000,5.0,45.0,625000,0,1,1,0,0,1,0,0
1667,20,2019,23952,5.0,60.0,1725000,0,1,1,0,0,0,1,0
1668,6,2015,92000,5.0,35.0,299000,0,1,0,1,0,0,0,1
1669,9,2013,34000,5.0,35.0,375000,1,0,1,0,0,1,0,0
1670,6,2020,44300,5.0,35.0,639000,1,0,1,0,0,1,0,0
1671,6,2015,65000,5.0,43.0,591000,0,1,1,0,0,0,1,0
1672,27,2018,102000,5.0,93.0,4200000,1,0,1,0,0,0,1,0
1673,7,2009,110000,5.0,42.0,250000,1,0,1,0,0,1,0,0
1674,16,2021,11000,5.0,50.0,1399000,0,1,1,0,0,1,0,0
1675,9,2020,39000,5.0,65.0,740000,0,1,1,0,0,0,0,1
1676,9,2009,65000,5.0,35.0,175000,0,1,0,1,0,1,0,0
1677,25,2019,42500,5.0,35.0,3750000,1,0,1,0,0,0,1,0
1678,25,2013,80000,5.0,65.0,1600000,1,0,0,1,0,0,1,0
1679,6,2013,25200,5.0,35.0,285000,0,1,1,0,0,1,0,0
1680,7,2017,132683,5.0,40.0,250000,0,1,1,0,0,0,1,0
1681,4,2017,81000,5.0,50.0,625000,0,1,1,0,0,0,1,0
1682,6,2011,58888,5.0,35.0,190000,0,1,0,1,0,1,0,0
1683,25,2019,30000,5.0,65.0,4800000,1,0,1,0,0,0,1,0
1684,6,2015,50599,5.0,42.0,575000,0,1,0,1,0,1,0,0
1685,25,2017,29000,5.0,63.0,2800000,1,0,0,1,0,0,1,0
1686,7,2018,23000,5.0,40.0,785000,1,0,1,0,0,1,0,0
1687,28,2019,50000,7.0,65.0,4575000,1,0,1,0,0,0,1,0
1688,21,2016,84878,5.0,64.0,1950000,1,0,0,1,0,0,1,0
1689,25,2019,31000,5.0,65.0,4800000,1,0,1,0,0,0,1,0
1690,17,2019,71063,8.0,55.0,1998999,0,1,1,0,0,0,1,0
1691,14,2016,69001,5.0,52.0,475000,0,1,1,0,0,1,0,0
1692,9,2014,62000,5.0,43.0,415000,0,1,0,1,0,0,1,0
1693,9,2012,82000,5.0,45.0,375000,0,1,1,0,0,0,1,0
1694,17,2011,49200,5.0,45.0,300000,0,1,1,0,0,1,0,0
1695,12,2021,8000,4.0,57.0,1500000,0,1,0,1,0,1,0,0
1696,6,2019,58000,5.0,48.0,975000,0,1,1,0,0,0,1,0
1697,6,2015,64000,5.0,35.0,370000,0,1,1,0,0,1,0,0
1698,9,2012,48568,5.0,35.0,250000,0,1,1,0,0,1,0,0
1699,24,2014,66500,5.0,83.0,3150000,1,0,1,0,0,0,1,0
1700,12,2018,58590,7.0,70.0,1115000,0,1,1,0,0,0,1,0
1701,9,2009,59000,5.0,35.0,130000,0,1,0,1,0,1,0,0
1702,6,2013,47000,5.0,42.0,299000,0,1,1,0,0,1,0,0
1703,9,2014,40000,5.0,45.0,300000,0,1,1,0,0,1,0,0
1704,15,2021,13092,5.0,66.0,3325000,1,0,1,0,0,1,0,0
1705,21,2016,57057,5.0,63.0,1950000,1,0,1,0,0,0,1,0
1706,6,2015,90000,5.0,42.0,500000,0,1,1,0,0,0,1,0
1707,9,2015,45000,5.0,45.0,595000,0,1,1,0,0,1,0,0
1708,6,2018,44000,5.0,35.0,484999,1,0,1,0,0,1,0,0
1709,12,2021,17000,4.0,57.0,1700000,0,1,1,0,0,0,1,0
1710,6,2019,50860,5.0,32.0,579000,0,1,1,0,0,1,0,0
1711,14,2020,20000,7.0,80.0,3800000,1,0,1,0,0,0,1,0
1712,17,2018,51000,7.0,80.0,3290000,1,0,1,0,0,0,1,0
1713,27,2018,24000,5.0,66.0,4250000,1,0,1,0,0,0,1,0
1714,6,2017,34908,5.0,37.0,535000,0,1,1,0,0,1,0,0
1715,4,2017,67000,5.0,50.0,775000,1,0,1,0,0,0,1,0
1716,6,2014,19000,5.0,35.0,345000,1,0,0,1,0,1,0,0
1717,15,2019,30600,5.0,50.0,3400000,1,0,1,0,0,1,0,0
1718,25,2018,49500,5.0,65.0,4500000,1,0,1,0,0,0,1,0
1719,7,2016,18800,5.0,40.0,525000,0,1,1,0,0,1,0,0
1720,9,2016,100000,5.0,45.0,650000,0,1,1,0,0,1,0,0
1721,9,2017,50050,5.0,60.0,1074000,1,0,1,0,0,1,0,0
1722,9,2021,14000,5.0,60.0,1750000,0,1,1,0,0,0,1,0
1723,5,2014,55000,5.0,50.0,590000,0,1,0,1,0,0,1,0
1724,14,2018,23000,4.0,60.9,7990000,1,0,1,0,0,1,0,0
1725,9,2020,35000,5.0,50.0,1725000,0,1,1,0,0,0,1,0
1726,6,2019,20734,5.0,35.0,630000,1,0,1,0,0,1,0,0
1727,27,2020,15200,5.0,66.0,6975000,1,0,1,0,0,0,1,0
1728,17,2013,83000,7.0,80.0,1375000,0,1,1,0,0,0,1,0
1729,7,2014,75000,5.0,35.0,425000,0,1,1,0,0,0,1,0
1730,17,2019,42794,8.0,55.0,2196000,1,0,1,0,0,0,1,0
1731,27,2020,40000,6.0,57.0,6300000,1,0,1,0,0,0,1,0
1732,6,2008,41000,5.0,35.0,200000,0,1,1,0,0,1,0,0
1733,7,2009,72256,5.0,42.0,250000,0,1,1,0,0,1,0,0
1734,21,2018,17300,5.0,50.0,2950000,1,0,1,0,0,0,1,0
1735,12,2017,68000,8.0,60.0,985000,0,1,1,0,0,0,1,0
1736,9,2019,43600,5.0,45.0,750000,1,0,1,0,0,1,0,0
1737,6,2018,43000,5.0,35.0,450000,0,1,1,0,0,1,0,0
1738,6,2021,17283,5.0,48.0,849000,0,1,1,0,0,1,0,0
1739,6,2014,59000,5.0,42.0,430000,0,1,1,0,0,1,0,0
1740,6,2017,88000,7.0,45.0,740000,0,1,1,0,0,0,1,0
1741,27,2015,19000,5.0,35.0,1975000,1,0,1,0,0,1,0,0
1742,25,2021,9500,6.0,83.0,12500000,1,0,1,0,0,1,0,0
1743,9,2018,36000,5.0,55.0,1260000,1,0,1,0,0,1,0,0
1744,4,2017,32000,5.0,28.0,250000,0,1,1,0,0,1,0,0
1745,9,2018,53300,5.0,45.0,975000,1,0,1,0,0,1,0,0
1746,21,2022,1,5.0,54.0,4151000,1,0,0,0,1,1,0,0
1747,25,2020,32005,5.0,61.0,3250000,1,0,0,1,0,0,1,0
1748,14,2018,35000,7.0,80.0,3450000,1,0,1,0,0,0,1,0
1749,25,2022,18223,5.0,60.0,6680000,1,0,1,0,0,1,0,0
1750,12,2016,92000,7.0,60.0,600000,0,1,0,1,0,0,1,0
1751,9,2019,22000,5.0,50.0,1465000,1,0,0,1,0,1,0,0
1752,9,2014,62000,5.0,43.0,475000,0,1,1,0,0,1,0,0
1753,4,2022,4000,5.0,40.0,1000000,1,0,0,1,0,1,0,0
1754,17,2016,72000,7.0,55.0,1850000,1,0,1,0,0,0,1,0
1755,6,2015,60798,5.0,43.0,570000,0,1,1,0,0,1,0,0
1756,9,2016,20000,5.0,43.0,770000,1,0,1,0,0,1,0,0
1757,7,2019,18000,5.0,40.0,1040000,1,0,1,0,0,1,0,0
1758,12,2014,78000,8.0,60.0,675000,0,1,0,1,0,0,1,0
1759,6,2014,52000,5.0,42.0,450000,0,1,1,0,0,1,0,0
1760,6,2022,10000,5.0,37.0,800000,0,1,1,0,0,1,0,0
1761,11,2021,32000,7.0,63.0,2200000,0,1,1,0,0,0,1,0
1762,12,2015,138000,7.0,70.0,1075000,0,1,1,0,0,0,1,0
1763,6,2018,84500,5.0,37.0,560000,0,1,0,0,1,0,1,0
1764,9,2016,47000,5.0,43.0,450000,0,1,0,1,0,1,0,0
1765,23,2018,20000,5.0,55.0,4175000,1,0,1,0,0,0,1,0
1766,22,2022,0,4.0,44.0,5200000,1,0,0,0,1,1,0,0
1767,9,2018,73000,5.0,45.0,810000,0,1,1,0,0,0,1,0
1768,27,2011,72000,4.0,80.0,1875000,1,0,1,0,0,1,0,0
1769,7,2015,42000,5.0,40.0,520000,1,0,1,0,0,1,0,0
1770,27,2021,9000,5.0,93.0,8900000,1,0,1,0,0,0,1,0
1771,29,2015,33000,5.0,35.0,5590000,1,0,1,0,0,0,1,0
1772,6,2015,36528,5.0,42.0,425000,0,1,0,0,1,0,1,0
1773,6,2012,30000,5.0,42.0,325000,0,1,1,0,0,1,0,0
1774,20,2021,17000,5.0,60.0,1889999,1,0,1,0,0,1,0,0
1775,23,2016,79000,5.0,70.0,1950000,1,0,1,0,0,0,1,0
1776,25,2019,15087,5.0,67.0,5300000,1,0,1,0,0,0,1,0
1777,12,2018,41000,8.0,60.0,950000,0,1,1,0,0,0,1,0
1778,23,2021,32500,7.0,71.0,8500000,1,0,1,0,0,0,1,0
1779,21,2015,61000,5.0,75.0,1975000,1,0,0,1,0,0,1,0
1780,27,2017,85000,5.0,93.0,4200000,1,0,1,0,0,0,1,0
1781,27,2019,55000,5.0,66.0,3500000,1,0,0,1,0,0,1,0
1782,4,2017,45000,5.0,28.0,375000,0,1,0,0,1,1,0,0
1783,27,2016,58000,5.0,50.0,1825000,1,0,1,0,0,0,1,0
1784,12,2021,4400,4.0,57.0,1710000,1,0,1,0,0,1,0,0
1785,6,2014,35000,5.0,35.0,375000,1,0,1,0,0,1,0,0
1786,6,2016,22346,5.0,35.0,285000,0,1,1,0,0,1,0,0
1787,12,2021,23280,6.0,57.0,1850000,0,1,0,1,0,1,0,0
1788,6,2013,72000,7.0,45.0,621000,0,1,1,0,0,0,1,0
1789,13,2016,82000,7.0,70.0,1475000,1,0,1,0,0,0,1,0
1790,17,2015,86000,7.0,80.0,1800000,1,0,0,1,0,0,1,0
1791,9,2018,38000,5.0,43.0,399000,0,1,1,0,0,1,0,0
1792,9,2015,138314,5.0,60.0,890000,0,1,1,0,0,0,1,0
1793,9,2021,9900,5.0,43.0,1325000,1,0,1,0,0,1,0,0
1794,27,2022,12500,5.0,66.0,5300000,1,0,0,0,1,0,1,0
1795,27,2018,51529,5.0,80.0,4775000,1,0,1,0,0,0,1,0
1796,12,2013,60000,7.0,55.0,249000,0,1,1,0,0,0,1,0
1797,6,2019,48000,5.0,35.0,509999,0,1,1,0,0,1,0,0
1798,19,2018,90000,5.0,60.0,1450000,0,1,1,0,0,0,1,0
1799,6,2017,63000,5.0,48.0,640000,0,1,1,0,0,0,1,0
1800,6,2017,65822,5.0,35.0,299000,0,1,1,0,0,0,1,0
1801,6,2009,102000,5.0,35.0,195000,0,1,1,0,0,0,0,1
1802,27,2011,72100,5.0,90.0,1495000,1,0,0,1,0,0,1,0
1803,29,2021,7534,5.0,75.0,14900000,1,0,0,0,1,1,0,0
1804,17,2013,34000,5.0,45.0,350000,0,1,1,0,0,1,0,0
1805,17,2017,75000,7.0,55.0,1421000,0,1,0,1,0,0,1,0
1806,7,2017,99000,5.0,40.0,595000,1,0,1,0,0,1,0,0
1807,6,2013,42000,5.0,42.0,351000,0,1,1,0,0,0,1,0
1808,6,2012,118000,5.0,50.0,325000,0,1,1,0,0,1,0,0
1809,12,2017,78000,7.0,70.0,975000,0,1,1,0,0,0,1,0
1810,6,2019,44000,5.0,43.0,825000,0,1,1,0,0,1,0,0
1811,11,2017,88757,6.0,60.0,1050000,0,1,0,1,0,0,1,0
1812,21,2017,85000,5.0,64.0,1970000,1,0,0,1,0,0,1,0
1813,25,2020,12136,5.0,50.0,4100000,1,0,1,0,0,0,1,0
1814,6,2019,2200,5.0,35.0,385000,0,1,1,0,0,1,0,0
1815,21,2015,49000,5.0,63.0,1525000,1,0,1,0,0,0,1,0
1816,27,2021,6000,5.0,43.0,4150000,1,0,1,0,0,1,0,0
1817,6,2017,64000,5.0,48.0,725000,0,1,1,0,0,0,1,0
1818,17,2011,109000,5.0,55.0,340000,0,1,0,1,0,1,0,0
1819,6,2018,32000,5.0,37.0,650000,0,1,1,0,0,1,0,0
1820,6,2019,13000,5.0,42.0,570000,0,1,1,0,0,1,0,0
1821,17,2008,90000,8.0,55.0,160000,0,1,0,0,1,0,1,0
1822,12,2020,35000,7.0,60.0,1220000,0,1,1,0,0,0,1,0
1823,12,2017,112000,7.0,70.0,800000,0,1,1,0,0,0,1,0
1824,6,2017,40000,5.0,37.0,660000,1,0,1,0,0,1,0,0
1825,7,2017,53580,5.0,40.0,575000,0,1,1,0,0,1,0,0
1826,12,2013,51500,7.0,55.0,240000,0,1,0,1,0,0,1,0
1827,7,2019,22000,5.0,40.0,950000,0,1,1,0,0,1,0,0
1828,4,2017,23700,5.0,28.0,419000,0,1,1,0,0,1,0,0
1829,6,2017,48069,5.0,42.0,750000,1,0,1,0,0,1,0,0
1830,21,2019,48000,5.0,54.0,3400000,1,0,1,0,0,0,1,0
1831,15,2015,47981,5.0,50.0,1160000,1,0,1,0,0,0,1,0
1832,9,2021,26000,7.0,50.0,1750000,0,1,1,0,0,0,1,0
1833,16,2020,63000,5.0,50.0,1575000,1,0,1,0,0,0,1,0
1834,17,2019,71500,7.0,80.0,2811000,1,0,0,1,0,0,1,0
1835,9,2016,16630,5.0,43.0,475000,0,1,1,0,0,1,0,0
1836,21,2018,36000,5.0,75.0,4351000,1,0,1,0,0,0,1,0
1837,7,2017,47255,5.0,40.0,850000,0,1,1,0,0,1,0,0
1838,12,2018,50000,7.0,70.0,1095000,0,1,1,0,0,0,1,0
1839,25,2021,18703,5.0,66.0,7700000,1,0,1,0,0,0,1,0
1840,21,2021,7935,5.0,73.0,5800000,1,0,0,0,1,1,0,0
1841,9,2022,9355,5.0,50.0,1925000,1,0,1,0,0,1,0,0
1842,4,2018,34800,5.0,28.0,305000,0,1,1,0,0,1,0,0
1843,5,2013,72000,5.0,50.0,385000,0,1,0,1,0,0,1,0
1844,15,2012,86288,5.0,55.0,500000,0,1,1,0,0,0,1,0
1845,7,2017,24003,5.0,40.0,655000,0,1,1,0,0,1,0,0
1846,11,2017,28000,5.0,44.0,925000,0,1,1,0,0,0,1,0
1847,9,2017,65000,5.0,45.0,690000,0,1,1,0,0,0,1,0
1848,12,2019,75000,7.0,70.0,1500000,0,1,1,0,0,0,1,0
1849,6,2015,45000,7.0,45.0,625000,0,1,0,1,0,0,1,0
1850,9,2018,71000,5.0,43.0,844999,0,1,0,1,0,0,1,0
1851,7,2018,54000,7.0,42.0,745000,1,0,1,0,0,1,0,0
1852,12,2015,49776,7.0,60.0,650000,1,0,1,0,0,0,1,0
1853,6,2017,61000,5.0,48.0,640000,0,1,1,0,0,0,1,0
412,6,2011,87513,5.0,35.0,227000,0,1,0,1,0,1,0,0
413,27,2011,26000,5.0,90.0,1850000,1,0,1,0,0,1,0,0
414,6,2022,3800,4.0,55.0,610000,0,1,1,0,0,0,0,1
415,17,2018,35123,8.0,55.0,1995000,0,1,1,0,0,0,1,0
416,16,2021,21000,5.0,50.0,1875000,1,0,1,0,0,0,1,0
417,9,2022,2670,5.0,50.0,1748999,1,0,1,0,0,1,0,0
418,15,2016,124000,5.0,55.0,640000,0,1,1,0,0,0,1,0
419,9,2016,9889,5.0,45.0,779000,0,1,1,0,0,1,0,0
420,7,2021,13000,5.0,40.0,1450000,1,0,1,0,0,1,0,0
421,11,2018,35000,5.0,44.0,890000,1,0,1,0,0,1,0,0
422,6,2017,51145,5.0,37.0,625000,0,1,1,0,0,1,0,0
423,27,2019,13000,7.0,100.0,8500000,1,0,1,0,0,0,1,0
424,21,2011,56000,5.0,64.0,2900000,1,0,0,0,1,1,0,0
425,17,2010,120000,5.0,35.0,434999,0,1,1,0,0,0,1,0
426,27,2018,45000,5.0,66.0,4550000,1,0,1,0,0,0,1,0
427,15,2017,82900,5.0,66.0,2500000,1,0,1,0,0,0,1,0
428,6,2014,56843,5.0,35.0,249000,0,1,0,1,0,0,0,1
429,14,2015,64000,5.0,45.0,270000,0,1,1,0,0,1,0,0
430,6,2019,9644,5.0,37.0,825000,1,0,1,0,0,1,0,0
431,6,2017,41624,5.0,35.0,425000,1,0,0,1,0,1,0,0
432,9,2016,82844,5.0,43.0,459999,0,1,1,0,0,0,1,0
433,27,2011,78000,5.0,80.0,980000,1,0,0,1,0,1,0,0
434,4,2017,60444,5.0,50.0,789000,0,1,1,0,0,1,0,0
435,25,2022,6000,5.0,57.0,5100000,1,0,1,0,0,1,0,0
436,12,2014,125000,8.0,60.0,775000,0,1,1,0,0,0,1,0
437,9,2019,13000,5.0,60.0,1400000,1,0,1,0,0,1,0,0
438,6,2015,112000,7.0,45.0,770000,0,1,1,0,0,0,1,0
439,6,2012,54948,5.0,43.0,445000,0,1,1,0,0,0,1,0
440,9,2016,53300,5.0,43.0,450000,0,1,1,0,0,1,0,0
441,7,2019,34000,5.0,40.0,840000,0,1,1,0,0,1,0,0
442,27,2021,21000,4.0,70.0,18500000,1,0,1,0,0,1,0,0
443,28,2017,25500,5.0,57.0,4000000,1,0,0,1,0,0,1,0
444,12,2015,157662,7.0,70.0,690000,0,1,0,1,0,0,1,0
445,27,2018,20000,5.0,56.0,2800000,1,0,1,0,0,0,1,0
446,9,2018,78900,5.0,43.0,525000,0,1,1,0,0,0,1,0
447,6,2011,52000,5.0,35.0,285000,0,1,1,0,0,0,0,1
448,27,2022,11000,5.0,80.0,7780000,1,0,1,0,0,0,1,0
449,15,2018,103000,7.0,63.0,1989999,1,0,1,0,0,0,1,0
450,11,2017,95785,7.0,60.0,1200000,1,0,1,0,0,0,1,0
451,14,2017,92000,5.0,52.0,620000,0,1,1,0,0,0,1,0
452,24,2019,43000,5.0,82.0,5200000,1,0,1,0,0,0,1,0
453,27,2017,39328,5.0,56.0,1998999,1,0,1,0,0,0,1,0
454,17,2020,18625,7.0,55.0,2725000,1,0,1,0,0,0,1,0
455,6,2019,26000,5.0,42.0,590000,0,1,1,0,0,1,0,0
456,22,2014,81000,5.0,47.0,1489000,1,0,0,1,0,0,1,0
457,6,2018,92000,5.0,37.0,685000,1,0,1,0,0,0,1,0
458,12,2019,38000,7.0,60.0,1121000,0,1,1,0,0,0,1,0
459,11,2012,93000,5.0,44.0,114999,0,1,0,1,0,1,0,0
460,6,2019,10340,5.0,35.0,545000,0,1,1,0,0,1,0,0
461,21,2015,47706,5.0,64.0,1350000,1,0,1,0,0,0,1,0
462,6,2021,13400,6.0,45.0,1299000,0,1,1,0,0,1,0,0
463,14,2016,44613,5.0,40.0,450000,0,1,1,0,0,0,1,0
464,29,2017,7000,2.0,54.0,9000000,1,0,1,0,0,1,0,0
465,6,2019,29000,5.0,42.0,550000,0,1,1,0,0,1,0,0
466,25,2020,23000,5.0,57.0,4390000,1,0,1,0,0,0,1,0
467,6,2015,67580,5.0,35.0,445000,0,1,1,0,0,0,0,1
468,9,2015,42000,5.0,43.0,495000,0,1,1,0,0,1,0,0
469,9,2015,16205,5.0,32.0,360000,0,1,1,0,0,1,0,0
470,6,2007,92000,5.0,66.0,345000,1,0,0,0,1,1,0,0
471,9,2016,29000,5.0,43.0,565000,1,0,1,0,0,1,0,0
472,27,2022,14000,5.0,93.0,9390000,1,0,1,0,0,0,1,0
473,12,2017,69000,7.0,60.0,615000,1,0,1,0,0,0,1,0
474,7,2015,114635,5.0,40.0,525000,0,1,1,0,0,0,1,0
475,25,2018,50000,5.0,63.0,2650000,1,0,0,1,0,0,1,0
476,25,2019,29221,5.0,63.0,3785000,1,0,1,0,0,0,1,0
477,27,2012,158000,5.0,35.0,1500000,1,0,1,0,0,1,0,0
478,21,2012,77000,5.0,65.0,1175000,1,0,0,1,0,0,1,0
479,27,2022,5500,5.0,66.0,6400000,1,0,0,0,1,0,1,0
480,25,2013,70000,5.0,60.0,1450000,1,0,0,1,0,0,1,0
481,25,2017,65341,5.0,35.0,4900000,1,0,0,1,0,0,1,0
482,7,2022,32000,5.0,40.0,1390000,1,0,1,0,0,1,0,0
483,33,2018,9500,2.0,78.0,35000000,1,0,1,0,0,1,0,0
484,8,2020,17904,5.0,71.0,2990000,1,0,1,0,0,0,1,0
485,28,2012,95000,5.0,57.0,2150000,1,0,1,0,0,0,1,0
486,6,2013,72000,5.0,35.0,315000,0,1,1,0,0,0,0,1
487,6,2004,65082,5.0,35.0,71001,0,1,1,0,0,1,0,0
488,7,2012,66240,5.0,35.0,295000,0,1,0,0,1,1,0,0
489,27,2018,25275,5.0,93.0,8500000,1,0,1,0,0,1,0,0
490,6,2016,67850,5.0,35.0,400000,0,1,1,0,0,0,0,1
491,11,2010,60000,4.0,15.0,49000,0,1,1,0,0,1,0,0
492,12,2012,88500,5.0,35.0,379000,0,1,0,1,0,0,1,0
493,6,2017,105000,5.0,42.0,610000,0,1,1,0,0,0,1,0
494,9,2019,45000,5.0,55.0,1075000,1,0,1,0,0,1,0,0
495,27,2021,8000,5.0,80.0,7500000,1,0,1,0,0,0,1,0
496,17,2018,38000,5.0,55.0,1321000,1,0,1,0,0,1,0,0
497,6,2020,55055,5.0,48.0,950000,0,1,1,0,0,0,1,0
498,6,2021,22000,5.0,37.0,825000,0,1,1,0,0,1,0,0
499,13,2013,95000,7.0,70.0,1300000,0,1,0,1,0,0,1,0
500,6,2014,25704,5.0,42.0,465000,0,1,1,0,0,1,0,0
501,6,2016,55353,5.0,42.0,475000,0,1,0,1,0,0,1,0
502,21,2015,80000,5.0,64.0,1775000,1,0,1,0,0,0,1,0
503,8,2018,62000,5.0,55.0,825000,1,0,1,0,0,1,0,0
504,14,2019,41526,7.0,80.0,3450000,1,0,1,0,0,0,1,0
505,11,2018,29434,5.0,35.0,379000,0,1,0,1,0,1,0,0
506,1,2017,42000,5.0,35.0,240000,0,1,1,0,0,1,0,0
507,16,2021,14000,5.0,50.0,1525000,0,1,1,0,0,1,0,0
508,25,2014,35000,5.0,60.0,1400000,1,0,1,0,0,0,1,0
509,27,2012,75000,5.0,35.0,1044999,1,0,0,1,0,0,1,0
510,32,2016,6000,2.0,35.0,24000000,1,0,1,0,0,1,0,0
511,27,2018,61000,5.0,50.0,2450000,1,0,0,1,0,0,1,0
512,27,2015,45000,5.0,50.0,1789999,1,0,1,0,0,0,1,0
513,27,2019,31000,5.0,66.0,4275000,1,0,1,0,0,0,1,0
514,9,2020,39000,5.0,37.0,775000,0,1,1,0,0,1,0,0
515,6,2012,52000,5.0,35.0,229999,0,1,1,0,0,1,0,0
516,6,2011,54000,5.0,35.0,280000,0,1,1,0,0,0,0,1
517,9,2018,51000,5.0,32.0,300000,0,1,1,0,0,1,0,0
518,6,2011,72000,5.0,35.0,160000,0,1,1,0,0,1,0,0
519,6,2011,65000,5.0,35.0,150000,0,1,1,0,0,1,0,0
520,27,2020,50000,5.0,93.0,8300000,1,0,1,0,0,0,1,0
521,21,2016,80251,5.0,64.0,1685000,1,0,0,1,0,0,1,0
522,9,2010,86000,5.0,35.0,270000,0,1,0,1,0,1,0,0
523,6,2014,42505,5.0,35.0,210000,0,1,1,0,0,1,0,0
524,9,2017,42000,5.0,45.0,625000,0,1,1,0,0,1,0,0
525,25,2017,42200,4.0,78.0,6900000,1,0,1,0,0,0,1,0
526,16,2019,57600,5.0,50.0,1490000,1,0,1,0,0,1,0,0
527,12,2018,57000,7.0,70.0,1095000,0,1,1,0,0,0,1,0
528,14,2014,85000,7.0,71.0,850000,1,0,1,0,0,0,1,0
529,9,2016,128000,5.0,62.0,1600000,1,0,0,1,0,0,1,0
530,17,2011,66000,5.0,45.0,265000,0,1,1,0,0,1,0,0
531,8,2013,58000,5.0,55.0,360000,0,1,1,0,0,1,0,0
532,6,2012,89445,5.0,43.0,350000,0,1,1,0,0,0,1,0
533,17,2015,64120,7.0,80.0,1485000,0,1,0,1,0,0,1,0
534,6,2017,82300,5.0,43.0,800000,0,1,1,0,0,1,0,0
535,6,2017,73000,5.0,48.0,710000,0,1,1,0,0,0,1,0
536,6,2018,72000,5.0,48.0,710000,0,1,1,0,0,0,1,0
537,8,2018,50197,5.0,45.0,720000,0,1,1,0,0,1,0,0
538,7,2014,44527,5.0,35.0,395000,0,1,1,0,0,1,0,0
539,21,2017,72400,5.0,54.0,2799000,1,0,1,0,0,0,1,0
540,14,2014,50000,5.0,52.0,455000,0,1,0,1,0,1,0,0
541,7,2014,37000,5.0,40.0,690000,0,1,1,0,0,1,0,0
542,27,2021,20000,7.0,90.0,13000000,1,0,1,0,0,0,1,0
543,11,2020,8000,5.0,50.0,1995000,1,0,1,0,0,0,1,0
544,25,2014,69000,5.0,65.0,1750000,1,0,0,1,0,0,1,0
545,25,2019,25000,5.0,63.0,2900000,1,0,1,0,0,0,1,0
546,25,2022,17000,5.0,63.0,4500000,1,0,1,0,0,0,1,0
547,7,2013,61000,5.0,42.0,450000,0,1,1,0,0,1,0,0
548,25,2015,69000,5.0,65.0,2149000,1,0,1,0,0,0,1,0
549,27,2015,77000,7.0,100.0,4200000,1,0,0,1,0,0,1,0
550,11,2018,82200,5.0,44.0,860000,0,1,1,0,0,0,1,0
551,7,2018,28000,5.0,40.0,875000,0,1,1,0,0,1,0,0
552,12,2011,117000,7.0,60.0,580000,0,1,0,1,0,0,1,0
553,20,2021,7900,6.0,75.0,3500000,1,0,1,0,0,0,1,0
554,6,2010,72000,5.0,43.0,229999,0,1,1,0,0,1,0,0
555,21,2015,79000,5.0,64.0,1513000,1,0,0,1,0,0,1,0
556,6,2013,72600,5.0,35.0,234000,0,1,1,0,0,1,0,0
557,1,2018,42313,5.0,28.0,320000,1,0,0,1,0,1,0,0
558,25,2021,18000,5.0,67.0,5975000,1,0,1,0,0,0,1,0
559,6,2019,90000,5.0,48.0,1025000,0,1,1,0,0,0,1,0
560,6,2010,18500,5.0,35.0,169000,0,1,1,0,0,1,0,0
561,6,2017,36000,5.0,37.0,630000,0,1,1,0,0,0,1,0
562,9,2020,26200,5.0,45.0,1090000,1,0,1,0,0,1,0,0
563,6,2019,11000,5.0,37.0,700000,0,1,0,1,0,1,0,0
564,6,2021,14366,5.0,37.0,661000,0,1,1,0,0,1,0,0
565,11,2011,98000,7.0,65.0,250999,0,1,1,0,0,0,1,0
566,12,2017,65000,7.0,60.0,565000,0,1,0,1,0,0,1,0
567,17,2014,126000,7.0,55.0,750000,0,1,1,0,0,0,1,0
568,21,2015,71700,5.0,64.0,1850000,1,0,0,1,0,0,1,0
569,12,2016,114000,7.0,70.0,850000,0,1,1,0,0,0,1,0
570,9,2016,58339,5.0,45.0,535000,0,1,1,0,0,0,1,0
571,8,2011,50667,5.0,35.0,345000,1,0,0,1,0,1,0,0
572,6,2019,72040,5.0,37.0,770000,1,0,1,0,0,0,1,0
573,25,2019,6000,5.0,57.0,3650000,1,0,1,0,0,1,0,0
574,16,2022,6200,5.0,45.0,1195000,0,1,1,0,0,1,0,0
575,27,2012,44000,5.0,90.0,1650000,1,0,0,0,1,1,0,0
576,15,2021,6900,5.0,66.0,3199000,1,0,1,0,0,1,0,0
577,27,2022,2500,5.0,80.0,7100000,1,0,1,0,0,1,0,0
578,8,2016,68000,5.0,45.0,625000,1,0,1,0,0,1,0,0
579,6,2018,36000,5.0,48.0,745000,0,1,1,0,0,0,1,0
580,9,2021,19000,5.0,35.0,551000,0,1,1,0,0,1,0,0
581,27,2019,10000,5.0,80.0,5950000,1,0,1,0,0,0,1,0
582,28,2019,35000,5.0,105.0,22000000,1,0,1,0,0,0,1,0
583,22,2019,6400,5.0,44.0,3300000,1,0,1,0,0,0,1,0
584,14,2019,34000,7.0,80.0,3250000,1,0,1,0,0,0,1,0
585,4,2016,35000,5.0,50.0,690000,1,0,0,1,0,0,1,0
586,6,2019,46000,5.0,48.0,894999,1,0,1,0,0,0,1,0
587,15,2016,83000,5.0,55.0,550000,0,1,1,0,0,0,1,0
588,14,2013,54000,5.0,52.0,399000,0,1,0,0,1,0,1,0
589,16,2020,42000,5.0,50.0,1275000,0,1,1,0,0,1,0,0
590,6,2020,41441,5.0,40.0,535000,0,1,1,0,0,1,0,0
591,6,2018,48174,5.0,48.0,825000,0,1,1,0,0,0,1,0
592,14,2016,62591,5.0,52.0,585000,0,1,1,0,0,0,1,0
593,7,2017,48650,5.0,40.0,675000,1,0,1,0,0,1,0,0
594,6,2017,52245,5.0,48.0,795000,0,1,1,0,0,0,1,0
595,27,2021,7500,5.0,80.0,6500000,1,0,1,0,0,1,0,0
596,9,2017,65000,5.0,45.0,611000,0,1,1,0,0,0,1,0
597,6,2015,43297,5.0,35.0,390000,0,1,1,0,0,1,0,0
598,6,2019,44710,5.0,42.0,650000,0,1,1,0,0,1,0,0
599,4,2013,62000,5.0,67.0,390000,0,1,1,0,0,0,1,0
600,21,2017,59267,5.0,54.0,2400000,1,0,1,0,0,0,1,0
601,6,2011,69000,5.0,42.0,385000,0,1,1,0,0,1,0,0
602,6,2017,75000,5.0,42.0,450000,0,1,1,0,0,1,0,0
603,9,2020,52236,5.0,43.0,649000,0,1,1,0,0,1,0,0
604,15,2020,47000,7.0,63.0,3499000,1,0,1,0,0,0,1,0
605,21,2019,15530,5.0,50.0,2900000,1,0,1,0,0,0,1,0
606,6,2014,64000,5.0,42.0,400000,0,1,1,0,0,0,1,0
607,9,2020,35000,5.0,37.0,599000,1,0,1,0,0,1,0,0
608,17,2019,92000,7.0,80.0,2980000,0,1,1,0,0,0,1,0
609,21,2018,18000,5.0,54.0,3500000,1,0,1,0,0,1,0,0
610,7,2016,50000,5.0,40.0,400000,0,1,1,0,0,1,0,0
611,27,2022,2000,5.0,66.0,6975000,1,0,1,0,0,1,0,0
612,21,2013,72000,5.0,35.0,745000,1,0,1,0,0,0,1,0
613,27,2016,16000,5.0,93.0,5400000,1,0,1,0,0,0,1,0
614,27,2015,103890,7.0,100.0,3700000,1,0,0,1,0,0,1,0
615,6,2018,71000,5.0,35.0,445000,0,1,1,0,0,1,0,0
616,12,2021,12000,4.0,57.0,1475000,0,1,1,0,0,0,1,0
617,17,2016,93000,7.0,80.0,2800000,1,0,1,0,0,0,1,0
618,9,2013,63000,5.0,32.0,190000,0,1,0,1,0,1,0,0
619,6,2020,10000,5.0,42.0,600000,0,1,1,0,0,1,0,0
620,16,2020,33828,5.0,50.0,1835000,1,0,1,0,0,0,1,0
621,6,2019,48000,5.0,60.0,550000,0,1,1,0,0,0,0,1
622,6,2017,71000,5.0,48.0,715000,0,1,1,0,0,0,1,0
623,12,2022,18000,7.0,60.0,2540000,1,0,1,0,0,0,1,0
624,6,2019,50000,5.0,60.0,525000,0,1,1,0,0,0,0,1
625,9,2015,48000,5.0,43.0,425000,0,1,1,0,0,1,0,0
626,9,2022,4000,5.0,37.0,795000,1,0,1,0,0,1,0,0
627,7,2010,73000,5.0,42.0,269000,0,1,0,1,0,1,0,0
628,17,2013,170669,7.0,80.0,1450000,1,0,1,0,0,0,1,0
629,9,2014,68000,5.0,43.0,565000,0,1,1,0,0,0,1,0
630,25,2015,70000,5.0,65.0,2550000,1,0,0,1,0,0,1,0
631,9,2015,57654,5.0,45.0,529000,0,1,1,0,0,1,0,0
632,6,2019,22000,5.0,35.0,400000,0,1,1,0,0,1,0,0
633,8,2012,80000,5.0,35.0,360000,0,1,0,1,0,0,1,0
634,6,2019,41792,6.0,45.0,975000,0,1,1,0,0,1,0,0
635,25,2017,41000,5.0,51.0,2600000,1,0,1,0,0,0,1,0
636,27,2013,107021,7.0,100.0,2390000,1,0,0,1,0,0,1,0
637,16,2019,17000,5.0,50.0,1550000,0,1,1,0,0,1,0,0
638,6,2019,57993,5.0,35.0,430000,1,0,1,0,0,1,0,0
639,11,2021,18000,5.0,35.0,1275000,1,0,1,0,0,0,0,1
640,6,2018,32000,5.0,37.0,600000,0,1,1,0,0,1,0,0
641,17,2018,25914,5.0,55.0,1650000,1,0,1,0,0,1,0,0
642,24,2014,49235,5.0,35.0,3350000,1,0,1,0,0,0,1,0
643,21,2022,4500,7.0,85.0,9400000,1,0,1,0,0,1,0,0
644,6,2014,114000,5.0,35.0,250000,0,1,0,1,0,1,0,0
645,12,2016,105000,7.0,70.0,994999,1,0,0,1,0,0,1,0
646,6,2016,45000,5.0,48.0,675000,0,1,1,0,0,0,1,0
647,6,2014,30183,5.0,42.0,455000,0,1,1,0,0,1,0,0
648,8,2012,78000,5.0,35.0,375000,0,1,0,0,1,0,1,0
649,6,2016,73190,5.0,35.0,345000,0,1,0,1,0,1,0,0
650,25,2022,13120,5.0,51.0,4700000,1,0,1,0,0,1,0,0
651,9,2014,64000,5.0,56.0,700000,0,1,1,0,0,1,0,0
652,7,2014,140000,5.0,40.0,499000,0,1,1,0,0,0,1,0
653,6,2015,39000,5.0,43.0,590000,0,1,1,0,0,1,0,0
654,5,2014,56918,5.0,41.0,490000,1,0,0,1,0,1,0,0
655,6,2018,55000,5.0,37.0,695000,1,0,1,0,0,0,1,0
656,9,2019,42000,5.0,45.0,1025000,0,1,1,0,0,0,1,0
657,8,2021,25000,7.0,60.0,3375000,1,0,1,0,0,1,0,0
658,17,2019,28000,8.0,55.0,2250000,0,1,1,0,0,0,1,0
659,27,2018,43000,5.0,50.0,2650000,1,0,0,1,0,0,1,0
660,6,2021,16000,5.0,37.0,715000,0,1,1,0,0,1,0,0
661,9,2019,27657,5.0,55.0,1200000,1,0,0,1,0,0,1,0
662,9,2012,30000,5.0,32.0,275000,0,1,1,0,0,1,0,0
663,7,2012,111000,5.0,42.0,445000,0,1,1,0,0,1,0,0
664,27,2016,37600,4.0,50.0,1850000,1,0,1,0,0,0,1,0
665,6,2017,48000,5.0,37.0,665000,0,1,1,0,0,0,1,0
666,9,2019,37000,5.0,55.0,1090000,0,1,1,0,0,0,1,0
667,27,2015,54000,5.0,70.0,5500000,1,0,1,0,0,0,1,0
668,21,2017,81802,5.0,75.0,2400000,1,0,0,1,0,0,1,0
669,9,2018,45915,5.0,45.0,1085000,1,0,1,0,0,0,1,0
670,9,2021,24000,6.0,50.0,2140000,1,0,1,0,0,1,0,0
671,7,2019,22224,5.0,35.0,795000,1,0,1,0,0,1,0,0
672,6,2021,38000,7.0,45.0,1080000,0,1,1,0,0,0,0,1
673,7,2018,53848,5.0,35.0,628000,0,1,1,0,0,1,0,0
674,25,2013,104264,5.0,57.0,1550000,1,0,0,1,0,0,1,0
675,27,2016,61159,5.0,80.0,2400000,1,0,0,1,0,1,0,0
676,7,2015,72000,5.0,40.0,595000,0,1,1,0,0,1,0,0
677,28,2016,29000,5.0,57.0,3450000,1,0,1,0,0,0,1,0
678,7,2018,42000,5.0,40.0,819999,0,1,1,0,0,1,0,0
679,21,2012,40000,5.0,75.0,1490000,1,0,1,0,0,0,1,0
680,12,2020,57400,5.0,42.0,950000,0,1,1,0,0,0,1,0
681,24,2019,13500,5.0,66.0,3750000,1,0,0,1,0,0,1,0
682,27,2021,12400,5.0,66.0,4950000,1,0,1,0,0,1,0,0
683,19,2021,38000,5.0,60.0,2950000,1,0,1,0,0,0,1,0
684,20,2019,7000,5.0,60.0,1625000,1,0,1,0,0,1,0,0
685,17,2012,121000,7.0,80.0,1290000,0,1,0,1,0,0,1,0
686,17,2015,76000,5.0,45.0,625000,0,1,1,0,0,0,1,0
687,12,2018,50000,7.0,70.0,1490000,0,1,1,0,0,0,1,0
688,9,2013,46721,5.0,35.0,325000,1,0,0,1,0,1,0,0
689,12,2017,41470,7.0,70.0,1190000,1,0,1,0,0,0,1,0
690,12,2013,170000,8.0,60.0,625000,0,1,0,0,1,0,1,0
691,28,2014,80000,5.0,77.0,5375000,1,0,0,1,0,0,1,0
692,7,2018,6000,5.0,40.0,1138000,1,0,1,0,0,1,0,0
693,21,2021,17000,5.0,63.0,4250000,1,0,1,0,0,1,0,0
694,7,2014,31000,5.0,35.0,365000,0,1,1,0,0,1,0,0
695,3,2014,73265,5.0,60.0,475000,1,0,0,1,0,0,1,0
696,9,2019,47000,5.0,55.0,1225000,0,1,1,0,0,0,1,0
697,6,2017,42000,7.0,45.0,725000,0,1,1,0,0,0,1,0
698,27,2017,25000,5.0,50.0,2450000,1,0,0,1,0,0,1,0
699,9,2009,140000,5.0,70.0,225000,0,1,0,0,1,0,1,0
700,6,2018,68818,5.0,37.0,695000,1,0,1,0,0,1,0,0
701,17,2018,57000,7.0,55.0,2200000,1,0,1,0,0,0,1,0
702,7,2020,39000,5.0,35.0,950000,1,0,1,0,0,0,1,0
703,17,2022,12050,7.0,65.0,2598000,1,0,1,0,0,1,0,0
704,7,2017,24100,5.0,40.0,585000,0,1,1,0,0,1,0,0
705,14,2017,23000,5.0,42.0,434999,0,1,1,0,0,1,0,0
706,6,2009,185000,5.0,43.0,295000,0,1,1,0,0,0,1,0
707,6,2019,76000,5.0,43.0,910000,0,1,1,0,0,0,1,0
708,6,2020,47000,5.0,35.0,565000,0,1,1,0,0,1,0,0
709,17,2021,1910,5.0,48.0,1050000,1,0,1,0,0,1,0,0
710,9,2019,23000,5.0,60.0,990000,0,1,1,0,0,0,1,0
711,21,2020,36978,5.0,50.0,2590000,1,0,0,1,0,0,1,0
712,12,2016,33000,7.0,70.0,1000000,0,1,1,0,0,0,1,0
713,9,2012,18954,5.0,35.0,254999,0,1,1,0,0,1,0,0
714,9,2015,58200,5.0,43.0,598000,1,0,1,0,0,1,0,0
715,12,2018,83000,7.0,35.0,850000,0,1,1,0,0,0,1,0
716,9,2016,80000,5.0,40.0,560000,0,1,0,1,0,0,1,0
717,21,2011,75000,5.0,63.0,975000,1,0,1,0,0,0,1,0
718,21,2017,64000,5.0,50.0,2600000,1,0,1,0,0,0,1,0
719,15,2016,117048,5.0,55.0,745000,0,1,1,0,0,0,1,0
720,9,2017,47000,5.0,43.0,495000,0,1,1,0,0,1,0,0
721,21,2018,43290,5.0,50.0,2450000,1,0,1,0,0,1,0,0
722,7,2013,70000,5.0,35.0,250000,0,1,1,0,0,1,0,0
723,27,2016,7000,5.0,66.0,2850000,1,0,1,0,0,0,1,0
724,12,2016,150000,8.0,60.0,925000,0,1,1,0,0,0,1,0
725,17,2013,125000,7.0,80.0,1075000,1,0,1,0,0,0,1,0
726,27,2019,42079,5.0,80.0,6225000,1,0,1,0,0,0,1,0
727,24,2015,62645,5.0,35.0,2650000,1,0,1,0,0,0,1,0
728,21,2014,69000,5.0,65.0,1500000,1,0,1,0,0,0,1,0
729,24,2011,70662,5.0,35.0,2800000,1,0,0,1,0,1,0,0
730,13,2011,40000,5.0,92.0,625000,0,1,0,1,0,0,1,0
731,17,2011,101347,5.0,45.0,325000,0,1,0,0,1,1,0,0
732,12,2021,36700,8.0,45.0,1485000,0,1,1,0,0,0,1,0
733,21,2012,240000,5.0,75.0,1650000,1,0,1,0,0,0,1,0
734,21,2014,76529,5.0,50.0,1800000,1,0,1,0,0,0,1,0
735,17,2014,85000,7.0,55.0,1290000,0,1,0,1,0,0,1,0
736,5,2016,99000,5.0,50.0,600000,0,1,1,0,0,0,1,0
737,9,2014,37959,5.0,43.0,436000,1,0,0,1,0,1,0,0
738,17,2021,60000,7.0,80.0,4300000,1,0,1,0,0,0,1,0
739,1,2017,27000,5.0,35.0,270000,0,1,1,0,0,1,0,0
740,3,2011,75000,5.0,60.0,320000,0,1,0,1,0,0,1,0
741,9,2022,1300,5.0,50.0,1911000,1,0,1,0,0,1,0,0
742,25,2020,21696,5.0,80.0,8600000,1,0,1,0,0,0,1,0
743,27,2019,33000,5.0,66.0,3900000,1,0,1,0,0,0,1,0
744,23,2016,6000,5.0,60.0,2000000,1,0,1,0,0,0,1,0
745,9,2019,19000,5.0,35.0,465000,1,0,1,0,0,1,0,0
746,7,2019,58618,5.0,40.0,875000,0,1,1,0,0,1,0,0
747,22,2017,10500,4.0,44.0,3200000,1,0,1,0,0,1,0,0
748,12,2019,85641,7.0,60.0,850000,0,1,1,0,0,0,1,0
749,4,2020,41669,5.0,28.0,426999,1,0,1,0,0,1,0,0
750,27,2022,10000,5.0,93.0,9200000,1,0,1,0,0,0,1,0
751,9,2018,36000,5.0,60.0,1035000,0,1,1,0,0,0,1,0
752,6,2018,31000,5.0,37.0,695000,0,1,1,0,0,1,0,0
753,25,2020,37180,5.0,63.0,3675000,1,0,1,0,0,0,1,0
754,12,2021,14000,4.0,57.0,1700000,1,0,1,0,0,0,1,0
755,11,2018,53512,5.0,35.0,449000,0,1,0,1,0,1,0,0
756,27,2022,4600,5.0,66.0,5400000,1,0,0,0,1,0,1,0
757,20,2021,40000,6.0,75.0,3950000,1,0,1,0,0,0,1,0
758,9,2015,65000,5.0,45.0,565000,0,1,0,1,0,0,1,0
759,25,2019,32963,5.0,63.0,3775000,1,0,1,0,0,0,1,0
760,27,2012,101000,5.0,80.0,1275000,1,0,0,1,0,0,1,0
761,4,2018,14000,5.0,28.0,375000,0,1,1,0,0,1,0,0
762,6,2018,50500,5.0,48.0,949000,0,1,1,0,0,0,1,0
763,6,2019,80849,5.0,37.0,775000,0,1,1,0,0,0,1,0
764,21,2014,19868,5.0,65.0,1800000,1,0,1,0,0,0,1,0
765,7,2016,45000,5.0,40.0,825000,1,0,1,0,0,1,0,0
766,9,2019,30858,5.0,35.0,509999,0,1,1,0,0,1,0,0
767,12,2018,56500,7.0,60.0,1350000,0,1,1,0,0,0,1,0
768,9,2020,37003,5.0,43.0,650000,0,1,1,0,0,1,0,0
769,7,2021,11000,5.0,40.0,1490000,0,1,1,0,0,0,1,0
770,6,2016,53000,5.0,37.0,545000,0,1,1,0,0,1,0,0
771,25,2018,75000,5.0,57.0,2950000,1,0,1,0,0,0,1,0
772,27,2010,120000,5.0,80.0,1150000,1,0,1,0,0,0,1,0
773,21,2013,44087,5.0,64.0,1850000,1,0,1,0,0,0,1,0
774,25,2016,39000,7.0,35.0,3995000,1,0,1,0,0,0,1,0
775,27,2014,59000,5.0,80.0,1750000,1,0,1,0,0,0,1,0
776,21,2017,45000,7.0,75.0,5500000,1,0,1,0,0,0,1,0
777,5,2013,92000,5.0,41.0,360000,0,1,0,1,0,0,1,0
778,14,2019,48422,5.0,52.0,625000,0,1,1,0,0,1,0,0
779,25,2019,29000,5.0,57.0,4150000,1,0,1,0,0,0,1,0
780,12,2021,37500,4.0,57.0,1698999,0,1,1,0,0,0,1,0
781,6,2018,62000,5.0,37.0,484999,0,1,0,1,0,1,0,0
782,21,2020,17000,5.0,54.0,4250000,1,0,1,0,0,1,0,0
783,6,2017,76642,7.0,45.0,800000,0,1,1,0,0,0,0,1
784,9,2019,44000,5.0,55.0,1275000,0,1,1,0,0,1,0,0
785,29,2018,20000,2.0,54.0,9500000,1,0,1,0,0,1,0,0
786,25,2013,102000,5.0,57.0,1375000,1,0,0,1,0,0,1,0
787,9,2022,9000,5.0,50.0,1700000,0,1,1,0,0,0,1,0
788,12,2013,135000,7.0,70.0,500000,0,1,1,0,0,0,1,0
789,27,2020,14500,5.0,66.0,6800000,1,0,1,0,0,0,1,0
790,6,2019,31552,5.0,37.0,715000,1,0,1,0,0,1,0,0
791,6,2016,70000,5.0,35.0,380000,1,0,1,0,0,1,0,0
792,7,2016,35134,5.0,35.0,375000,0,1,1,0,0,1,0,0
793,28,2016,45000,5.0,77.0,7200000,1,0,0,0,1,0,1,0
794,27,2020,18000,5.0,93.0,8190000,1,0,1,0,0,0,1,0
795,6,2018,8000,5.0,37.0,695000,1,0,1,0,0,1,0,0
796,9,2016,62125,5.0,60.0,875000,0,1,1,0,0,0,1,0
797,28,2016,78000,7.0,65.0,3500000,1,0,1,0,0,0,1,0
798,9,2018,64300,5.0,40.0,685000,0,1,1,0,0,1,0,0
799,11,2021,28000,7.0,50.0,1875000,0,1,1,0,0,0,1,0
800,15,2017,28600,5.0,50.0,1685000,1,0,1,0,0,1,0,0
801,21,2015,69500,5.0,75.0,2550000,1,0,0,1,0,0,1,0
802,9,2017,70000,5.0,60.0,869999,0,1,1,0,0,0,1,0
803,12,2018,24000,6.0,60.0,875000,0,1,1,0,0,0,1,0
804,21,2012,69500,5.0,64.0,1390000,1,0,1,0,0,0,1,0
805,6,2019,25500,5.0,48.0,825000,0,1,1,0,0,0,1,0
806,6,2017,20000,5.0,43.0,785000,1,0,1,0,0,1,0,0
807,27,2016,55000,5.0,50.0,2145000,1,0,0,1,0,0,1,0
808,6,2021,8640,5.0,40.0,590000,0,1,1,0,0,0,0,1
809,9,2013,80500,5.0,35.0,335000,0,1,1,0,0,1,0,0
810,24,2013,65000,5.0,83.0,2550000,1,0,0,1,0,1,0,0
811,27,2019,5750,5.0,80.0,6500000,1,0,1,0,0,0,1,0
812,8,2015,50000,5.0,45.0,490000,0,1,1,0,0,1,0,0
813,25,2017,28000,4.0,78.0,5950000,1,0,1,0,0,0,1,0
814,9,2011,75431,5.0,35.0,250000,0,1,1,0,0,1,0,0
815,4,2017,43000,5.0,28.0,420000,0,1,0,0,1,1,0,0
816,9,2019,44876,5.0,62.0,2395000,1,0,1,0,0,0,1,0
817,9,2013,95610,5.0,45.0,360000,0,1,0,1,0,0,1,0
818,5,2013,51000,5.0,41.0,325000,0,1,1,0,0,0,1,0
819,28,2013,110000,5.0,57.0,2300000,1,0,0,1,0,0,1,0
820,6,2014,53693,7.0,60.0,642000,0,1,1,0,0,0,0,1
821,9,2018,70000,5.0,32.0,290000,0,1,1,0,0,1,0,0
822,9,2014,57000,5.0,43.0,390000,0,1,1,0,0,1,0,0
823,17,2014,63000,5.0,55.0,890000,1,0,1,0,0,1,0,0
